{"stats":{"minecraft:mined":{"minecraft:wheat":2},"minecraft:dropped":{"minecraft:wheat_seeds":2},"minecraft:custom":{"minecraft:jump":39,"minecraft:open_chest":8,"minecraft:time_since_rest":4590,"minecraft:sprint_one_cm":17646,"minecraft:play_time":4590,"minecraft:damage_taken":20,"minecraft:time_since_death":4590,"minecraft:walk_one_cm":11826,"minecraft:climb_one_cm":944,"minecraft:total_world_time":4590,"minecraft:fall_one_cm":753,"minecraft:drop":2,"minecraft:fly_one_cm":8293},"minecraft:used":{"minecraft:wheat_seeds":2,"minecraft:bread":1},"minecraft:picked_up":{"minecraft:wheat":2,"minecraft:wheat_seeds":4}},"DataVersion":3465}