{"stats":{"minecraft:crafted":{"minecraft:ender_chest":1,"minecraft:oak_planks":477,"minecraft:blaze_powder":4,"minecraft:stone":306,"minecraft:cooked_mutton":11,"minecraft:iron_bars":16,"evilcraft:vengeance_ring":2,"minecraft:glass":16,"evilcraft:promise_tier_1":1,"minecraft:iron_boots":3,"evilcraft:blood_extractor":9,"vampirism:altar_inspiration":1,"minecraft:chest":1,"minecraft:ender_eye":1,"minecraft:stone_bricks":208,"mca:matchmakers_ring":1,"minecraft:glass_bottle":18,"minecraft:oak_slab":126,"minecraft:crafting_table":1,"minecraft:iron_helmet":2,"minecraft:gold_block":17,"evilcraft:bowl_of_promises_empty":1,"mca:cross_headstone":1,"minecraft:brewing_stand":1,"minecraft:iron_chestplate":3,"minecraft:diamond_pickaxe":1,"minecraft:charcoal":71,"minecraft:shield":1,"minecraft:stick":20,"minecraft:iron_ingot":197,"minecraft:iron_pickaxe":6,"minecraft:iron_block":11,"minecraft:stone_sword":2,"minecraft:gold_ingot":53,"aquaculture:turtle_soup":2,"securitycraft:sc_manual":1,"evilcraft:dark_spike":32,"vampirism:altar_tip":6,"evilcraft:bowl_of_promises_dusted":1,"evilcraft:blood_chest":1,"minecraft:furnace":2,"minecraft:flint_and_steel":1,"evilcraft:vengeance_focus":1,"vampirism:altar_infusion":1,"minecraft:iron_axe":1,"minecraft:iron_hoe":1,"minecraft:stone_pickaxe":4,"minecraft:chiseled_bookshelf":42,"evilcraft:blood_infusion_core":2,"minecraft:enchanting_table":1,"minecraft:iron_sword":1,"minecraft:bowl":8,"minecraft:bucket":2,"minecraft:air":0,"vampirism:altar_pillar":18,"minecraft:oak_boat":1,"evilcraft:blood_infuser":1,"minecraft:iron_leggings":2,"minecraft:anvil":1,"vampirism:blood_container":1},"minecraft:mined":{"minecraft:obsidian":27,"minecraft:granite":11,"biomesoplenty:bramble":1,"minecraft:grass_block":23,"minecraft:stone_brick_wall":28,"blue_skies:scalefruits":2,"minecraft:nether_wart":12,"minecraft:chiseled_stone_bricks":4,"minecraft:tall_seagrass":4,"minecraft:glowstone":153,"minecraft:iron_ore":333,"minecraft:cobbled_deepslate":10,"minecraft:fire":29,"biomesoplenty:violet":1,"minecraft:enchanting_table":1,"minecraft:dirt_path":1,"minecraft:torch":2,"farmersdelight:cabbages":1,"minecraft:nether_quartz_ore":97,"minecraft:cobblestone":38,"minecraft:sugar_cane":7,"mca:cross_headstone":1,"vampirism:dark_spruce_leaves":2,"evilcraft:dark_ore_deepslate":25,"minecraft:wheat":117,"minecraft:lilac":3,"biomesoplenty:maple_leaves":4,"minecraft:pumpkin_stem":27,"minecraft:grass":42,"biomesoplenty:clover":2,"minecraft:oak_log":244,"minecraft:sand":37,"minecraft:dirt":21,"minecraft:netherrack":21,"minecraft:deepslate":65,"evilcraft:hardened_blood":14,"minecraft:tuff":3,"minecraft:deepslate_diamond_ore":15,"vampirism:altar_inspiration":1,"minecraft:glow_lichen":2,"minecraft:nether_bricks":2,"minecraft:spruce_leaves":7,"minecraft:black_stained_glass_pane":2,"minecraft:furnace":1,"evilcraft:box_of_eternal_closure":9,"minecraft:andesite":26,"evilcraft:dark_ore":37,"biomesoplenty:sea_oats":4,"minecraft:bookshelf":60,"vampirism:altar_infusion":1,"minecraft:deepslate_iron_ore":112,"minecraft:lantern":1,"minecraft:stone":557,"minecraft:glass_pane":6,"minecraft:soul_sand":20,"travelersbackpack:standard":3,"minecraft:rose_bush":3,"minecraft:stone_slab":2,"minecraft:lapis_ore":1,"biomesoplenty:sprout":6,"minecraft:deepslate_gold_ore":70,"minecraft:diorite":7,"minecraft:stripped_spruce_wood":2,"minecraft:torchflower":1,"vampirism:cursed_roots":3,"minecraft:coal_ore":259,"minecraft:sunflower":3,"minecraft:gravel":1,"minecraft:stone_bricks":3,"minecraft:gold_ore":29,"minecraft:fern":6,"vampirism:altar_tip":2},"minecraft:used":{"minecraft:iron_shovel":99,"vampirism:altar_infusion":2,"farmersdelight:cabbage_seeds":3,"evilcraft:blood_chest":1,"minecraft:chest":2,"aquaculture:brown_trout":1,"minecraft:shield":61,"minecraft:stone":8,"minecraft:iron_sword":1154,"minecraft:iron_chestplate":1,"minecraft:nether_bricks":2,"minecraft:tuff":3,"minecraft:obsidian":29,"minecraft:iron_helmet":1,"minecraft:stone_bricks":3,"blue_skies:scalefruit_seeds":4,"minecraft:bow":2,"minecraft:sweet_berries":6,"minecraft:egg":1,"minecraft:stripped_spruce_wood":2,"minecraft:diorite":5,"minecraft:torchflower":1,"minecraft:stone_pickaxe":524,"minecraft:gray_carpet":1,"evilcraft:reinforced_undead_planks":27,"vampirism:human_heart":28,"evilcraft:colossal_blood_chest":3,"minecraft:bread":2,"vampirism:altar_pillar":18,"evilcraft:dark_blood_brick":38,"minecraft:diamond_sword":617,"mca:cross_headstone":1,"minecraft:andesite":21,"minecraft:oak_boat":1,"minecraft:air":2,"minecraft:bone_meal":1,"minecraft:enchanting_table":1,"minecraft:stone_sword":136,"minecraft:flint_and_steel":22,"evilcraft:spirit_reanimator":1,"biomesoplenty:glowshroom":1,"minecraft:torch":3,"minecraft:brewing_stand":1,"minecraft:dirt":22,"minecraft:anvil":1,"minecraft:granite":5,"biomesoplenty:maple_sapling":46,"minecraft:iron_hoe":4,"minecraft:iron_axe":402,"minecraft:iron_boots":1,"evilcraft:box_of_eternal_closure":10,"evilcraft:flesh_humanoid":5,"tombstone:gift":15,"biomesoplenty:violet":1,"minecraft:cobbled_deepslate":43,"mca:staff_of_life":1,"minecraft:iron_leggings":1,"minecraft:wheat_seeds":182,"minecraft:water_bucket":14,"minecraft:chiseled_bookshelf":33,"vampirism:altar_inspiration":1,"minecraft:glass_bottle":10,"evilcraft:blood_infuser":1,"minecraft:crafting_table":1,"minecraft:white_bed":1,"minecraft:painting":1,"minecraft:book":8,"tombstone:bag_of_seeds":2,"minecraft:oak_log":7,"minecraft:diamond_pickaxe":83,"evilcraft:spirit_furnace":1,"minecraft:iron_pickaxe":1363,"minecraft:stone_slab":4,"vampirism:altar_tip":8,"minecraft:chiseled_stone_bricks":4,"minecraft:cobblestone":91,"minecraft:potion":5,"travelersbackpack:standard":8,"minecraft:bucket":13,"minecraft:pumpkin_pie":1,"minecraft:splash_potion":2},"minecraft:dropped":{"minecraft:porkchop":21,"minecraft:lapis_lazuli":10,"minecraft:oak_log":98,"minecraft:baked_potato":48,"minecraft:glass_bottle":21,"minecraft:lantern":2,"minecraft:leather":10,"minecraft:dirt":7,"evilcraft:vengeance_ring":1,"minecraft:mutton":21,"minecraft:seagrass":6,"aquaculture:turtle_soup":2,"minecraft:sunflower":2,"iammusicplayer:parabolic_antenna":2,"minecraft:white_wool":12,"minecraft:bone":5,"minecraft:gravel":1,"minecraft:sugar_cane":12,"minecraft:wheat":3,"minecraft:obsidian":24,"blue_skies:scalefruit_seeds":2,"minecraft:rotten_flesh":14,"vampirism:blood_bottle":1,"evilcraft:flesh_humanoid":3,"vampirism:vampire_blood_bottle":2,"vampirism:vampire_fang":18,"minecraft:charcoal":12,"minecraft:stone_brick_wall":2,"minecraft:arrow":2,"minecraft:beef":46,"mca:matchmakers_ring":4,"minecraft:enchanting_table":1,"minecraft:egg":1,"minecraft:bread":50,"minecraft:wheat_seeds":118,"minecraft:lilac":2,"vampirism:vampire_book":1,"minecraft:iron_helmet":3,"minecraft:cobblestone":96,"minecraft:book":180,"minecraft:granite":3,"evilcraft:dark_gem":7,"minecraft:chiseled_bookshelf":18,"vampirism:amulet":3,"minecraft:coal":3,"evilcraft:blood_extractor":8,"minecraft:gray_wool":2,"tombstone:grave_key":2,"minecraft:rose_bush":4,"minecraft:potion":6,"tombstone:grave_dust":3,"minecraft:iron_leggings":2,"securitycraft:sc_manual":2,"vampirism:ring":1,"minecraft:string":10,"minecraft:bucket":1,"minecraft:gray_carpet":2,"minecraft:spruce_sapling":1,"minecraft:dandelion":1,"minecraft:furnace":3,"minecraft:sweet_berries":2,"minecraft:stone_sword":1,"minecraft:cocoa_beans":3,"minecraft:bowl":5,"vampirism:obi_belt":5,"mca:book_family":1,"minecraft:chicken":2,"minecraft:iron_boots":2,"minecraft:torchflower_seeds":4,"minecraft:totem_of_undying":2,"minecraft:pumpkin_seeds":41,"minecraft:flint_and_steel":1,"minecraft:filled_map":1,"minecraft:potato":64,"minecraft:stone":2,"minecraft:iron_chestplate":2,"minecraft:spider_eye":5,"minecraft:stone_pickaxe":1},"minecraft:killed":{"vampirism:vampire":66,"minecraft:witch":1,"vampirism:advanced_vampire":5,"minecraft:spider":13,"vampirism:blinding_bat":5,"minecraft:skeleton":29,"minecraft:fox":2,"minecraft:chicken":2,"vampirism:advanced_hunter":6,"minecraft:skeleton_horse":1,"vampirism:vampire_baron":11,"minecraft:wolf":2,"minecraft:magma_cube":5,"minecraft:creeper":1,"vampirism:hunter":28,"minecraft:sheep":4,"minecraft:zombie":29,"minecraft:cow":5,"minecraft:blaze":15,"minecraft:evoker":3,"minecraft:vindicator":19,"aquaculture:brown_trout":1,"evilcraft:vengeance_spirit":2,"minecraft:wither_skeleton":9,"minecraft:enderman":1},"minecraft:broken":{"minecraft:iron_boots":3,"minecraft:iron_chestplate":2,"minecraft:iron_leggings":3,"minecraft:stone_pickaxe":4,"minecraft:iron_sword":3,"minecraft:stone_sword":1,"minecraft:iron_axe":2,"minecraft:iron_helmet":3},"minecraft:picked_up":{"minecraft:seagrass":6,"minecraft:iron_chestplate":2,"minecraft:wheat":115,"minecraft:stone_slab":4,"minecraft:diamond_sword":1,"minecraft:potion":3,"biomesoplenty:violet":1,"minecraft:enchanted_book":1,"tombstone:grave_key":2,"blue_skies:scalefruit":2,"minecraft:string":22,"minecraft:iron_leggings":2,"vampirism:blood_bucket":1,"vampirism:obi_belt":3,"minecraft:cobbled_deepslate":73,"farmersdelight:cabbage":1,"mca:book_death":1,"minecraft:rose_bush":4,"minecraft:iron_pickaxe":1,"evilcraft:blood_extractor":4,"minecraft:furnace":1,"farmersdelight:cabbage_seeds":3,"minecraft:iron_boots":2,"minecraft:stick":47,"minecraft:torch":3,"minecraft:porkchop":24,"vampirism:vampire_fang":19,"tombstone:grave_dust":10,"minecraft:diorite":6,"vampirism:amulet":3,"minecraft:stone_sword":1,"evilcraft:box_of_eternal_closure":9,"vampirism:blood_bottle":7,"minecraft:rotten_flesh":28,"vampirism:pure_blood_2":1,"tombstone:scroll_of_aquatic_life":1,"minecraft:blaze_rod":3,"minecraft:obsidian":23,"minecraft:cobblestone":611,"minecraft:enchanting_table":1,"vampirism:vampire_book":1,"minecraft:lilac":3,"minecraft:andesite":26,"biomesoplenty:glowshroom":1,"minecraft:potato":8,"minecraft:tuff":3,"minecraft:stripped_spruce_wood":2,"evilcraft:flesh_humanoid":3,"evilcraft:promise_efficiency_0":4,"minecraft:lapis_lazuli":10,"minecraft:dirt":36,"minecraft:lantern":2,"minecraft:glass":15,"minecraft:bone":44,"minecraft:bow":2,"minecraft:wheat_seeds":303,"vampirism:pure_blood_1":3,"minecraft:raw_gold":99,"minecraft:glowstone_dust":357,"minecraft:oak_planks":8,"mca:matchmakers_ring":3,"minecraft:sand":34,"vampirism:pure_blood_0":3,"minecraft:bundle":3,"minecraft:diamond":15,"minecraft:granite":14,"minecraft:bone_meal":1,"minecraft:emerald":14,"minecraft:netherrack":17,"mca:bouquet":1,"minecraft:charcoal":12,"evilcraft:dark_power_gem":6,"minecraft:chicken":2,"minecraft:nether_wart":20,"minecraft:stone_brick_wall":18,"minecraft:flint_and_steel":1,"minecraft:iron_axe":3,"evilcraft:poison_sac":1,"minecraft:iron_shovel":1,"evilcraft:promise_tier_3":1,"minecraft:beef":51,"evilcraft:hardened_blood_shard":21,"minecraft:sugar_cane":12,"minecraft:egg":1,"minecraft:raw_iron":435,"minecraft:stone":3,"minecraft:bowl":1,"minecraft:arrow":31,"vampirism:altar_inspiration":1,"blue_skies:scalefruit_seeds":4,"minecraft:nether_bricks":2,"iammusicplayer:parabolic_antenna":1,"aquaculture:brown_trout":1,"minecraft:totem_of_undying":5,"mca:book_family":1,"minecraft:mutton":35,"minecraft:white_wool":19,"vampirism:pure_blood_4":3,"vampirism:vampire_blood_bottle":3,"minecraft:chiseled_bookshelf":9,"minecraft:leather":21,"vampirism:pure_blood_3":3,"minecraft:torchflower":1,"securitycraft:sc_manual":1,"minecraft:oak_log":230,"minecraft:gunpowder":4,"tombstone:gift":1,"vampirism:human_heart":10,"minecraft:stone_bricks":3,"minecraft:apple":3,"minecraft:gray_carpet":3,"evilcraft:promise_speed_0":4,"minecraft:stone_pickaxe":1,"aquaculture:box_turtle":2,"tombstone:bag_of_seeds":1,"minecraft:glass_bottle":4,"minecraft:iron_sword":2,"minecraft:soul_sand":20,"minecraft:book":177,"minecraft:chiseled_stone_bricks":4,"minecraft:quartz":97,"minecraft:dandelion":2,"minecraft:torchflower_seeds":2,"minecraft:gravel":1,"evilcraft:vengeance_ring":1,"minecraft:spruce_sapling":1,"minecraft:spruce_log":4,"vampirism:altar_infusion":1,"minecraft:spider_eye":5,"travelersbackpack:standard":5,"minecraft:pumpkin_seeds":41,"biomesoplenty:maple_sapling":48,"biomesoplenty:bramble":1,"vampirism:altar_tip":2,"evilcraft:dark_gem":277,"minecraft:iron_helmet":3,"minecraft:painting":1,"minecraft:gray_wool":2,"minecraft:baked_potato":48,"tombstone:magic_scroll":1,"minecraft:black_wool":1,"minecraft:coal":258,"minecraft:sunflower":3,"minecraft:ender_pearl":1},"minecraft:custom":{"minecraft:animals_bred":48,"vampirism:interact_with_altar_of_infusion":25,"vampirism:action_time_vampire_rage":6615,"minecraft:interact_with_crafting_table":92,"minecraft:leave_game":7,"minecraft:time_since_death":80436,"minecraft:damage_resisted":997,"minecraft:sprint_one_cm":2263392,"minecraft:damage_blocked_by_shield":1659,"vampirism:interact_with_coffin":26,"minecraft:drop":325,"minecraft:talked_to_villager":14,"minecraft:play_time":902670,"minecraft:deaths":21,"minecraft:jump":8272,"minecraft:interact_with_brewingstand":2,"minecraft:walk_on_water_one_cm":115891,"minecraft:enchant_item":4,"minecraft:interact_with_furnace":165,"vampirism:altar_of_inspiration_rituals_performed":24,"vampirism:interact_with_research_table":1,"vampirism:action_used_sunscreen":2,"vampirism:action_used_bat":148,"minecraft:sleep_in_bed":24,"vampirism:actions_used":209,"vampirism:altar_of_infusion_rituals_performed":7,"vampirism:action_used_regen":27,"tombstone:sneak_grave":1,"minecraft:damage_dealt":94351,"minecraft:player_kills":2,"minecraft:crouch_one_cm":76763,"tombstone:undead_killed":70,"vampirism:action_used_infect":3,"minecraft:horse_one_cm":283,"minecraft:interact_with_anvil":1,"minecraft:mob_kills":334,"vampirism:action_time_bat":64293,"minecraft:damage_dealt_resisted":5828,"minecraft:climb_one_cm":3204,"vampirism:amount_bitten":1193,"minecraft:walk_one_cm":2167395,"vampirism:action_time_regen":10152,"vampirism:skills_unlocked":59,"vampirism:action_used_freeze":7,"vampirism:infected_creatures":3,"vampirism:interact_with_altar_inspiration":84,"minecraft:sneak_time":41703,"minecraft:walk_under_water_one_cm":123076,"minecraft:boat_one_cm":52740,"minecraft:total_world_time":902670,"vampirism:blood_drunk":298600,"vampirism:interact_with_injection_chair":1,"vampirism:action_time_sunscreen":121,"tombstone:raider_killed":23,"vampirism:action_used_dark_blood_projectile":17,"minecraft:time_since_rest":80370,"minecraft:damage_taken":1768651,"tombstone:cast_on_ally":1,"minecraft:swim_one_cm":116559,"minecraft:fly_one_cm":2285918,"vampirism:action_used_vampire_rage":5,"minecraft:open_chest":482,"minecraft:fall_one_cm":266218},"minecraft:killed_by":{"vampirism:vampire_baron":1,"minecraft:vindicator":6,"minecraft:blaze":3,"minecraft:vex":3,"minecraft:player":2}},"DataVersion":3465}