{"stats":{"minecraft:mined":{"minecraft:glass_pane":4,"minecraft:tuff":1,"minecraft:deepslate_diamond_ore":3,"minecraft:grass_block":2,"minecraft:stone_brick_wall":26,"minecraft:stone_slab":2,"farmersdelight:cabbages":1,"minecraft:cobblestone":21,"minecraft:spruce_leaves":6,"biomesoplenty:sprout":1,"minecraft:deepslate_gold_ore":19,"minecraft:sugar_cane":7,"minecraft:chiseled_stone_bricks":4,"minecraft:black_stained_glass_pane":2,"minecraft:furnace":1,"evilcraft:dark_ore_deepslate":6,"minecraft:iron_ore":57,"minecraft:wheat":16,"minecraft:pumpkin_stem":13,"biomesoplenty:violet":1,"minecraft:andesite":11,"evilcraft:dark_ore":8,"biomesoplenty:sea_oats":4,"minecraft:grass":4,"minecraft:coal_ore":20,"minecraft:oak_log":15,"minecraft:deepslate_iron_ore":10,"minecraft:lantern":1,"minecraft:sand":19,"minecraft:stone_bricks":3,"minecraft:stone":49,"minecraft:deepslate":17,"minecraft:fern":2},"minecraft:dropped":{"minecraft:furnace":3,"minecraft:bread":45,"minecraft:sugar_cane":12,"minecraft:porkchop":18,"minecraft:sweet_berries":2,"minecraft:wheat_seeds":19,"minecraft:oak_log":3,"minecraft:baked_potato":48,"minecraft:stone_sword":1,"minecraft:glass_bottle":2,"minecraft:wheat":2,"minecraft:chicken":2,"minecraft:cobblestone":25,"minecraft:lantern":2,"minecraft:leather":7,"minecraft:pumpkin_seeds":19,"minecraft:dirt":2,"minecraft:potato":64,"minecraft:gray_wool":2,"vampirism:vampire_fang":2,"minecraft:mutton":21,"minecraft:charcoal":12,"minecraft:seagrass":4,"minecraft:beef":19,"minecraft:stone_pickaxe":1,"minecraft:white_wool":12,"minecraft:gray_carpet":2,"minecraft:spruce_sapling":1,"minecraft:egg":1},"minecraft:killed":{"minecraft:wolf":2,"vampirism:vampire":3,"minecraft:spider":1,"vampirism:hunter":2,"minecraft:skeleton":2,"minecraft:chicken":2},"minecraft:custom":{"minecraft:interact_with_furnace":28,"minecraft:mob_kills":63,"minecraft:animals_bred":2,"minecraft:interact_with_crafting_table":6,"vampirism:interact_with_research_table":1,"minecraft:damage_dealt_resisted":380,"minecraft:sleep_in_bed":1,"minecraft:time_since_death":112590,"minecraft:climb_one_cm":1410,"minecraft:time_since_rest":1861,"minecraft:sprint_one_cm":523036,"vampirism:amount_bitten":172,"minecraft:walk_one_cm":286693,"minecraft:damage_taken":1567,"minecraft:drop":86,"vampirism:skills_unlocked":1,"minecraft:damage_dealt":3375,"minecraft:swim_one_cm":26913,"minecraft:fly_one_cm":376228,"minecraft:open_chest":49,"minecraft:crouch_one_cm":9957,"minecraft:play_time":112590,"tombstone:undead_killed":2,"minecraft:sneak_time":4633,"minecraft:walk_under_water_one_cm":14285,"minecraft:jump":1994,"minecraft:walk_on_water_one_cm":26673,"minecraft:total_world_time":112590,"vampirism:blood_drunk":44600,"minecraft:fall_one_cm":54672},"minecraft:used":{"minecraft:wheat_seeds":26,"minecraft:stone_sword":106,"minecraft:iron_shovel":23,"minecraft:gray_carpet":1,"minecraft:stone_pickaxe":175,"farmersdelight:cabbage_seeds":3,"biomesoplenty:glowshroom":1,"vampirism:human_heart":1,"minecraft:tuff":1,"minecraft:oak_log":7,"minecraft:iron_pickaxe":86,"minecraft:bread":2,"minecraft:stone_slab":4,"evilcraft:flesh_humanoid":2,"minecraft:stone_bricks":3,"minecraft:chiseled_stone_bricks":4,"minecraft:cobblestone":36,"minecraft:sweet_berries":6,"minecraft:andesite":11,"minecraft:pumpkin_pie":1,"minecraft:egg":1,"minecraft:cobbled_deepslate":5,"biomesoplenty:violet":1},"minecraft:broken":{"minecraft:stone_pickaxe":1},"minecraft:picked_up":{"minecraft:seagrass":4,"minecraft:charcoal":12,"minecraft:wheat":16,"minecraft:andesite":11,"minecraft:chicken":2,"minecraft:leather":9,"minecraft:stone_slab":4,"biomesoplenty:glowshroom":1,"biomesoplenty:violet":1,"minecraft:potato":8,"minecraft:stone_brick_wall":16,"minecraft:tuff":1,"minecraft:oak_log":15,"evilcraft:flesh_humanoid":1,"minecraft:string":2,"minecraft:dirt":2,"minecraft:lantern":2,"minecraft:glass":15,"minecraft:bone":4,"vampirism:human_heart":1,"minecraft:stone_bricks":3,"minecraft:gray_carpet":3,"minecraft:wheat_seeds":46,"farmersdelight:cabbage":1,"minecraft:cobbled_deepslate":17,"minecraft:raw_gold":19,"minecraft:beef":24,"minecraft:stone_pickaxe":1,"minecraft:glass_bottle":1,"minecraft:sugar_cane":12,"farmersdelight:cabbage_seeds":3,"minecraft:oak_planks":5,"minecraft:egg":1,"minecraft:furnace":1,"minecraft:raw_iron":62,"minecraft:chiseled_stone_bricks":4,"minecraft:torch":2,"minecraft:sand":18,"minecraft:porkchop":24,"minecraft:spruce_log":4,"minecraft:spruce_sapling":1,"vampirism:vampire_fang":3,"vampirism:amulet":1,"minecraft:pumpkin_seeds":19,"vampirism:blood_bottle":1,"minecraft:arrow":4,"minecraft:diamond":3,"evilcraft:dark_gem":60,"minecraft:gray_wool":2,"minecraft:baked_potato":48,"minecraft:mutton":29,"minecraft:coal":19,"minecraft:white_wool":16,"minecraft:cobblestone":84},"minecraft:crafted":{"minecraft:glass_bottle":18,"minecraft:furnace":2,"minecraft:cooked_mutton":11,"minecraft:air":0,"minecraft:glass":3,"minecraft:charcoal":45,"minecraft:stick":8,"minecraft:stone_pickaxe":4,"minecraft:stone_sword":2}},"DataVersion":3465}