{"stats":{"minecraft:mined":{"minecraft:grass_block":2,"minecraft:stone_brick_wall":26,"minecraft:stone_slab":2,"minecraft:cobblestone":21,"minecraft:spruce_leaves":6,"biomesoplenty:sprout":1,"minecraft:sugar_cane":7,"minecraft:chiseled_stone_bricks":4,"minecraft:furnace":1,"minecraft:wheat":2,"biomesoplenty:violet":1,"minecraft:grass":4,"minecraft:oak_log":15,"minecraft:lantern":1,"minecraft:sand":19,"minecraft:stone_bricks":3,"minecraft:stone":32,"minecraft:fern":1},"minecraft:dropped":{"minecraft:furnace":3,"minecraft:bread":45,"minecraft:sugar_cane":12,"minecraft:porkchop":5,"minecraft:sweet_berries":2,"minecraft:wheat_seeds":2,"minecraft:oak_log":3,"minecraft:baked_potato":48,"minecraft:stone_sword":1,"minecraft:glass_bottle":1,"minecraft:wheat":2,"minecraft:cobblestone":25,"minecraft:lantern":2,"minecraft:leather":5,"minecraft:potato":64,"minecraft:gray_wool":2,"vampirism:vampire_fang":2,"minecraft:mutton":21,"minecraft:charcoal":12,"minecraft:beef":8,"minecraft:stone_pickaxe":1,"minecraft:white_wool":12,"minecraft:gray_carpet":2,"minecraft:egg":1},"minecraft:killed":{"minecraft:wolf":1,"vampirism:vampire":2,"vampirism:hunter":2,"minecraft:skeleton":2,"minecraft:chicken":2},"minecraft:custom":{"minecraft:interact_with_furnace":18,"minecraft:mob_kills":35,"minecraft:interact_with_crafting_table":5,"vampirism:interact_with_research_table":1,"minecraft:damage_dealt_resisted":380,"minecraft:time_since_death":64590,"minecraft:climb_one_cm":944,"minecraft:time_since_rest":64590,"minecraft:sprint_one_cm":331431,"vampirism:amount_bitten":121,"minecraft:walk_one_cm":139889,"minecraft:damage_taken":695,"minecraft:drop":53,"vampirism:skills_unlocked":1,"minecraft:damage_dealt":2190,"minecraft:swim_one_cm":8937,"minecraft:fly_one_cm":239427,"minecraft:open_chest":27,"minecraft:crouch_one_cm":3648,"minecraft:play_time":64590,"tombstone:undead_killed":2,"minecraft:sneak_time":1590,"minecraft:walk_under_water_one_cm":10206,"minecraft:jump":1138,"minecraft:walk_on_water_one_cm":17372,"minecraft:total_world_time":64590,"vampirism:blood_drunk":23000,"minecraft:fall_one_cm":28354},"minecraft:used":{"minecraft:wheat_seeds":2,"minecraft:stone_sword":73,"minecraft:iron_shovel":23,"minecraft:gray_carpet":1,"minecraft:stone_pickaxe":31,"minecraft:oak_log":7,"minecraft:iron_pickaxe":59,"minecraft:bread":2,"minecraft:stone_slab":4,"minecraft:stone_bricks":3,"minecraft:chiseled_stone_bricks":4,"minecraft:cobblestone":20,"minecraft:sweet_berries":6,"minecraft:pumpkin_pie":1,"minecraft:egg":1,"biomesoplenty:violet":1},"minecraft:picked_up":{"minecraft:charcoal":12,"minecraft:wheat":2,"minecraft:chicken":2,"minecraft:leather":5,"minecraft:stone_slab":4,"biomesoplenty:violet":1,"minecraft:potato":8,"minecraft:stone_brick_wall":16,"minecraft:oak_log":15,"minecraft:dirt":2,"minecraft:lantern":2,"minecraft:glass":15,"minecraft:bone":2,"vampirism:human_heart":1,"minecraft:stone_bricks":3,"minecraft:gray_carpet":3,"minecraft:wheat_seeds":8,"minecraft:beef":8,"minecraft:stone_pickaxe":1,"minecraft:sugar_cane":12,"minecraft:oak_planks":5,"minecraft:egg":1,"minecraft:furnace":1,"minecraft:chiseled_stone_bricks":4,"minecraft:sand":18,"minecraft:porkchop":8,"minecraft:spruce_sapling":1,"vampirism:vampire_fang":2,"vampirism:amulet":1,"minecraft:arrow":3,"minecraft:gray_wool":2,"minecraft:baked_potato":48,"minecraft:mutton":29,"minecraft:white_wool":16,"minecraft:cobblestone":68},"minecraft:crafted":{"minecraft:glass_bottle":18,"minecraft:furnace":2,"minecraft:air":0,"minecraft:glass":3,"minecraft:charcoal":40,"minecraft:stone_pickaxe":1,"minecraft:stone_sword":2}},"DataVersion":3465}