{"stats":{"minecraft:crafted":{"minecraft:oak_planks":357,"minecraft:stone":96,"minecraft:cooked_mutton":11,"minecraft:glass":16,"minecraft:iron_boots":2,"evilcraft:blood_extractor":9,"vampirism:altar_inspiration":1,"mca:matchmakers_ring":1,"minecraft:glass_bottle":18,"minecraft:oak_slab":126,"minecraft:crafting_table":1,"minecraft:iron_helmet":2,"mca:cross_headstone":1,"minecraft:iron_chestplate":2,"minecraft:charcoal":71,"minecraft:diamond_pickaxe":1,"minecraft:stick":12,"minecraft:iron_ingot":188,"minecraft:iron_pickaxe":2,"minecraft:iron_block":4,"minecraft:stone_sword":2,"minecraft:gold_ingot":53,"aquaculture:turtle_soup":1,"evilcraft:dark_spike":32,"evilcraft:blood_chest":1,"minecraft:furnace":2,"minecraft:flint_and_steel":1,"minecraft:iron_axe":1,"minecraft:iron_hoe":1,"minecraft:chiseled_bookshelf":42,"minecraft:stone_pickaxe":4,"evilcraft:blood_infusion_core":2,"minecraft:enchanting_table":1,"minecraft:iron_sword":1,"minecraft:bowl":4,"minecraft:bucket":2,"minecraft:air":0,"minecraft:oak_boat":1,"evilcraft:blood_infuser":1,"minecraft:anvil":1,"minecraft:iron_leggings":2,"vampirism:blood_container":1},"minecraft:mined":{"minecraft:obsidian":24,"minecraft:granite":11,"minecraft:grass_block":19,"minecraft:stone_brick_wall":28,"blue_skies:scalefruits":2,"minecraft:chiseled_stone_bricks":4,"minecraft:iron_ore":333,"minecraft:cobbled_deepslate":10,"minecraft:fire":16,"biomesoplenty:violet":1,"minecraft:dirt_path":1,"minecraft:torch":2,"farmersdelight:cabbages":1,"minecraft:cobblestone":38,"minecraft:sugar_cane":7,"mca:cross_headstone":1,"evilcraft:dark_ore_deepslate":25,"minecraft:wheat":117,"minecraft:lilac":2,"biomesoplenty:maple_leaves":4,"minecraft:pumpkin_stem":27,"minecraft:grass":15,"biomesoplenty:clover":2,"minecraft:oak_log":214,"minecraft:sand":25,"minecraft:dirt":10,"minecraft:deepslate":65,"evilcraft:hardened_blood":8,"minecraft:tuff":3,"minecraft:deepslate_diamond_ore":15,"vampirism:altar_inspiration":1,"minecraft:glow_lichen":2,"minecraft:spruce_leaves":7,"minecraft:black_stained_glass_pane":2,"minecraft:furnace":1,"minecraft:andesite":26,"evilcraft:dark_ore":37,"biomesoplenty:sea_oats":4,"minecraft:bookshelf":60,"minecraft:deepslate_iron_ore":112,"minecraft:lantern":1,"minecraft:stone":170,"minecraft:glass_pane":4,"travelersbackpack:standard":1,"minecraft:rose_bush":1,"minecraft:stone_slab":2,"minecraft:lapis_ore":1,"biomesoplenty:sprout":2,"minecraft:deepslate_gold_ore":70,"minecraft:diorite":7,"minecraft:stripped_spruce_wood":2,"minecraft:torchflower":1,"minecraft:coal_ore":259,"minecraft:sunflower":3,"minecraft:stone_bricks":3,"minecraft:gold_ore":29,"minecraft:fern":6},"minecraft:used":{"minecraft:iron_shovel":52,"farmersdelight:cabbage_seeds":3,"evilcraft:blood_chest":1,"aquaculture:brown_trout":1,"minecraft:stone":8,"minecraft:iron_sword":636,"minecraft:tuff":3,"minecraft:obsidian":2,"minecraft:stone_bricks":3,"blue_skies:scalefruit_seeds":4,"minecraft:sweet_berries":6,"minecraft:egg":1,"minecraft:stripped_spruce_wood":2,"minecraft:diorite":5,"minecraft:torchflower":1,"minecraft:gray_carpet":1,"minecraft:stone_pickaxe":524,"vampirism:human_heart":7,"minecraft:bread":2,"mca:cross_headstone":1,"minecraft:andesite":21,"minecraft:oak_boat":1,"minecraft:air":2,"minecraft:bone_meal":1,"minecraft:enchanting_table":1,"minecraft:stone_sword":136,"minecraft:flint_and_steel":20,"biomesoplenty:glowshroom":1,"minecraft:torch":3,"minecraft:dirt":22,"minecraft:anvil":1,"minecraft:granite":5,"biomesoplenty:maple_sapling":46,"minecraft:iron_hoe":4,"minecraft:iron_axe":329,"evilcraft:flesh_humanoid":5,"tombstone:gift":12,"minecraft:cobbled_deepslate":43,"biomesoplenty:violet":1,"mca:staff_of_life":1,"minecraft:wheat_seeds":182,"minecraft:chiseled_bookshelf":33,"minecraft:water_bucket":14,"vampirism:altar_inspiration":1,"minecraft:glass_bottle":5,"evilcraft:blood_infuser":1,"minecraft:crafting_table":1,"minecraft:white_bed":1,"minecraft:painting":1,"minecraft:book":8,"minecraft:oak_log":7,"tombstone:bag_of_seeds":2,"minecraft:diamond_pickaxe":80,"minecraft:iron_pickaxe":682,"minecraft:stone_slab":4,"minecraft:chiseled_stone_bricks":4,"minecraft:cobblestone":91,"minecraft:potion":5,"travelersbackpack:standard":2,"minecraft:bucket":12,"minecraft:pumpkin_pie":1,"minecraft:splash_potion":1},"minecraft:dropped":{"minecraft:porkchop":21,"minecraft:lapis_lazuli":10,"minecraft:oak_log":98,"minecraft:baked_potato":48,"minecraft:glass_bottle":9,"minecraft:lantern":2,"minecraft:leather":9,"minecraft:dirt":4,"minecraft:mutton":21,"minecraft:seagrass":6,"aquaculture:turtle_soup":1,"minecraft:sunflower":2,"iammusicplayer:parabolic_antenna":2,"minecraft:white_wool":12,"minecraft:sugar_cane":12,"minecraft:wheat":2,"minecraft:obsidian":20,"blue_skies:scalefruit_seeds":2,"minecraft:rotten_flesh":7,"evilcraft:flesh_humanoid":3,"vampirism:vampire_blood_bottle":2,"vampirism:vampire_fang":4,"minecraft:charcoal":12,"minecraft:stone_brick_wall":2,"minecraft:arrow":1,"minecraft:beef":28,"mca:matchmakers_ring":4,"minecraft:egg":1,"minecraft:bread":45,"minecraft:wheat_seeds":114,"minecraft:lilac":1,"vampirism:vampire_book":1,"minecraft:iron_helmet":3,"minecraft:cobblestone":93,"minecraft:book":180,"minecraft:granite":3,"evilcraft:dark_gem":4,"minecraft:chiseled_bookshelf":18,"minecraft:coal":3,"minecraft:gray_wool":2,"evilcraft:blood_extractor":7,"tombstone:grave_key":2,"minecraft:iron_leggings":2,"minecraft:string":10,"minecraft:spruce_sapling":1,"minecraft:gray_carpet":2,"minecraft:furnace":3,"minecraft:sweet_berries":2,"minecraft:stone_sword":1,"minecraft:cocoa_beans":3,"mca:book_family":1,"minecraft:chicken":2,"minecraft:iron_boots":2,"minecraft:totem_of_undying":2,"minecraft:torchflower_seeds":4,"minecraft:pumpkin_seeds":41,"minecraft:flint_and_steel":1,"minecraft:potato":64,"minecraft:iron_chestplate":2,"minecraft:spider_eye":5,"minecraft:stone_pickaxe":1},"minecraft:killed":{"vampirism:vampire":11,"vampirism:advanced_vampire":5,"minecraft:spider":12,"vampirism:blinding_bat":1,"minecraft:skeleton":21,"minecraft:fox":1,"minecraft:chicken":2,"vampirism:advanced_hunter":5,"minecraft:skeleton_horse":1,"minecraft:wolf":2,"minecraft:creeper":1,"vampirism:hunter":24,"minecraft:sheep":4,"minecraft:zombie":21,"minecraft:cow":3,"minecraft:evoker":3,"minecraft:vindicator":19,"aquaculture:brown_trout":1},"minecraft:broken":{"minecraft:iron_boots":1,"minecraft:iron_chestplate":1,"minecraft:iron_leggings":1,"minecraft:stone_pickaxe":4,"minecraft:iron_sword":2,"minecraft:stone_sword":1,"minecraft:iron_axe":2,"minecraft:iron_helmet":1},"minecraft:picked_up":{"minecraft:seagrass":6,"minecraft:iron_chestplate":2,"minecraft:wheat":114,"minecraft:stone_slab":4,"biomesoplenty:violet":1,"tombstone:grave_key":2,"blue_skies:scalefruit":2,"minecraft:string":22,"minecraft:iron_leggings":2,"vampirism:obi_belt":1,"minecraft:cobbled_deepslate":73,"farmersdelight:cabbage":1,"mca:book_death":1,"minecraft:iron_pickaxe":1,"evilcraft:blood_extractor":3,"farmersdelight:cabbage_seeds":3,"minecraft:iron_boots":2,"minecraft:furnace":1,"minecraft:stick":41,"minecraft:torch":3,"minecraft:porkchop":24,"minecraft:diorite":6,"tombstone:grave_dust":6,"vampirism:vampire_fang":5,"vampirism:amulet":2,"vampirism:blood_bottle":7,"minecraft:rotten_flesh":21,"minecraft:obsidian":20,"minecraft:cobblestone":222,"vampirism:vampire_book":1,"minecraft:lilac":2,"minecraft:andesite":26,"biomesoplenty:glowshroom":1,"minecraft:potato":8,"minecraft:tuff":3,"minecraft:stripped_spruce_wood":2,"evilcraft:flesh_humanoid":3,"minecraft:dirt":33,"minecraft:lapis_lazuli":10,"minecraft:lantern":2,"minecraft:glass":15,"minecraft:bone":27,"minecraft:bow":2,"minecraft:wheat_seeds":298,"minecraft:raw_gold":99,"minecraft:oak_planks":8,"mca:matchmakers_ring":3,"minecraft:sand":23,"minecraft:bundle":2,"minecraft:diamond":15,"minecraft:granite":14,"minecraft:bone_meal":1,"minecraft:emerald":13,"minecraft:charcoal":12,"minecraft:chicken":2,"evilcraft:dark_power_gem":3,"minecraft:stone_brick_wall":18,"minecraft:iron_axe":3,"minecraft:flint_and_steel":1,"minecraft:iron_shovel":1,"minecraft:beef":33,"evilcraft:hardened_blood_shard":21,"minecraft:sugar_cane":12,"minecraft:egg":1,"minecraft:raw_iron":435,"minecraft:arrow":25,"vampirism:altar_inspiration":1,"blue_skies:scalefruit_seeds":4,"iammusicplayer:parabolic_antenna":1,"aquaculture:brown_trout":1,"minecraft:totem_of_undying":5,"mca:book_family":1,"minecraft:mutton":35,"minecraft:white_wool":19,"vampirism:vampire_blood_bottle":3,"minecraft:chiseled_bookshelf":9,"minecraft:leather":19,"minecraft:torchflower":1,"minecraft:oak_log":200,"tombstone:gift":1,"vampirism:human_heart":7,"minecraft:stone_bricks":3,"minecraft:apple":3,"minecraft:gray_carpet":3,"minecraft:stone_pickaxe":1,"aquaculture:box_turtle":1,"tombstone:bag_of_seeds":1,"minecraft:glass_bottle":3,"minecraft:iron_sword":2,"minecraft:book":177,"minecraft:chiseled_stone_bricks":4,"minecraft:torchflower_seeds":2,"minecraft:spruce_sapling":1,"minecraft:spruce_log":4,"minecraft:spider_eye":5,"travelersbackpack:standard":2,"minecraft:pumpkin_seeds":41,"biomesoplenty:maple_sapling":47,"evilcraft:dark_gem":277,"minecraft:iron_helmet":3,"minecraft:painting":1,"minecraft:gray_wool":2,"minecraft:baked_potato":48,"tombstone:magic_scroll":1,"minecraft:black_wool":1,"minecraft:coal":256,"minecraft:sunflower":3},"minecraft:custom":{"minecraft:animals_bred":48,"minecraft:interact_with_crafting_table":49,"minecraft:leave_game":2,"minecraft:time_since_death":229739,"minecraft:damage_resisted":224,"minecraft:sprint_one_cm":1714220,"vampirism:interact_with_coffin":16,"minecraft:drop":227,"minecraft:talked_to_villager":1,"minecraft:play_time":584251,"minecraft:deaths":14,"minecraft:jump":6542,"minecraft:walk_on_water_one_cm":83751,"minecraft:enchant_item":4,"vampirism:altar_of_inspiration_rituals_performed":24,"minecraft:interact_with_furnace":111,"vampirism:interact_with_research_table":1,"vampirism:action_used_bat":61,"minecraft:sleep_in_bed":17,"vampirism:actions_used":70,"vampirism:action_used_regen":6,"tombstone:sneak_grave":1,"minecraft:damage_dealt":38046,"minecraft:player_kills":2,"minecraft:crouch_one_cm":45274,"tombstone:undead_killed":43,"vampirism:action_used_infect":3,"minecraft:horse_one_cm":183,"minecraft:interact_with_anvil":1,"minecraft:mob_kills":202,"vampirism:action_time_bat":18325,"minecraft:damage_dealt_resisted":2631,"minecraft:climb_one_cm":1872,"vampirism:amount_bitten":1072,"minecraft:walk_one_cm":1358465,"vampirism:action_time_regen":2394,"vampirism:skills_unlocked":24,"vampirism:infected_creatures":3,"vampirism:interact_with_altar_inspiration":84,"minecraft:sneak_time":28860,"minecraft:walk_under_water_one_cm":73067,"minecraft:boat_one_cm":52740,"minecraft:total_world_time":584251,"vampirism:blood_drunk":210300,"vampirism:interact_with_injection_chair":1,"tombstone:raider_killed":22,"minecraft:time_since_rest":33116,"minecraft:damage_taken":1190823,"minecraft:swim_one_cm":110483,"minecraft:fly_one_cm":1364602,"minecraft:open_chest":307,"minecraft:fall_one_cm":197005},"minecraft:killed_by":{"minecraft:vindicator":6,"minecraft:vex":3,"minecraft:player":1}},"DataVersion":3465}