{"stats":{"minecraft:mined":{"minecraft:grass_block":2,"minecraft:stone_brick_wall":26,"minecraft:spruce_leaves":6,"minecraft:sugar_cane":7,"minecraft:furnace":1,"minecraft:wheat":2,"minecraft:grass":4,"minecraft:oak_log":15,"minecraft:lantern":1,"minecraft:sand":19,"minecraft:stone":32,"minecraft:fern":1},"minecraft:dropped":{"minecraft:furnace":3,"minecraft:bread":45,"minecraft:sweet_berries":2,"minecraft:wheat_seeds":2,"minecraft:oak_log":3,"minecraft:baked_potato":48,"minecraft:stone_sword":1,"minecraft:glass_bottle":1,"minecraft:wheat":2,"minecraft:cobblestone":25,"minecraft:lantern":2,"minecraft:leather":3,"minecraft:potato":64,"minecraft:gray_wool":2,"vampirism:vampire_fang":1,"minecraft:charcoal":12,"minecraft:stone_pickaxe":1,"minecraft:white_wool":12,"minecraft:gray_carpet":2},"minecraft:killed":{"minecraft:wolf":1,"vampirism:vampire":2,"vampirism:hunter":1,"minecraft:skeleton":1,"minecraft:chicken":1},"minecraft:custom":{"minecraft:interact_with_furnace":18,"minecraft:mob_kills":32,"minecraft:interact_with_crafting_table":5,"vampirism:interact_with_research_table":1,"minecraft:time_since_death":52590,"minecraft:climb_one_cm":944,"minecraft:time_since_rest":52590,"minecraft:sprint_one_cm":257998,"vampirism:amount_bitten":116,"minecraft:walk_one_cm":117851,"minecraft:damage_taken":567,"minecraft:drop":46,"vampirism:skills_unlocked":1,"minecraft:damage_dealt":1454,"minecraft:swim_one_cm":7200,"minecraft:fly_one_cm":180327,"minecraft:open_chest":26,"minecraft:crouch_one_cm":3242,"minecraft:play_time":52590,"tombstone:undead_killed":1,"minecraft:sneak_time":1334,"minecraft:walk_under_water_one_cm":7769,"minecraft:jump":827,"minecraft:walk_on_water_one_cm":12708,"minecraft:total_world_time":52590,"vampirism:blood_drunk":20900,"minecraft:fall_one_cm":22011},"minecraft:used":{"minecraft:wheat_seeds":2,"minecraft:stone_sword":48,"minecraft:iron_shovel":23,"minecraft:gray_carpet":1,"minecraft:stone_pickaxe":1,"minecraft:oak_log":7,"minecraft:iron_pickaxe":59,"minecraft:bread":2,"minecraft:sweet_berries":6,"minecraft:pumpkin_pie":1,"minecraft:egg":1},"minecraft:picked_up":{"minecraft:charcoal":12,"minecraft:wheat":2,"minecraft:chicken":1,"minecraft:leather":5,"minecraft:potato":8,"minecraft:stone_brick_wall":16,"minecraft:oak_log":15,"minecraft:dirt":2,"minecraft:lantern":2,"minecraft:glass":15,"minecraft:bone":2,"vampirism:human_heart":1,"minecraft:gray_carpet":3,"minecraft:wheat_seeds":8,"minecraft:beef":8,"minecraft:stone_pickaxe":1,"minecraft:sugar_cane":12,"minecraft:oak_planks":5,"minecraft:egg":1,"minecraft:furnace":1,"minecraft:sand":18,"minecraft:porkchop":8,"minecraft:spruce_sapling":1,"vampirism:vampire_fang":2,"vampirism:amulet":1,"minecraft:arrow":1,"minecraft:gray_wool":2,"minecraft:baked_potato":48,"minecraft:mutton":29,"minecraft:white_wool":16,"minecraft:cobblestone":48},"minecraft:crafted":{"minecraft:glass_bottle":18,"minecraft:furnace":2,"minecraft:air":0,"minecraft:glass":3,"minecraft:charcoal":40,"minecraft:stone_pickaxe":1,"minecraft:stone_sword":2}},"DataVersion":3465}