{"stats":{"minecraft:mined":{"minecraft:tuff":1,"minecraft:deepslate_diamond_ore":3,"minecraft:stone_brick_wall":26,"minecraft:grass_block":2,"minecraft:spruce_leaves":6,"minecraft:chiseled_stone_bricks":4,"minecraft:black_stained_glass_pane":2,"minecraft:furnace":1,"minecraft:iron_ore":57,"biomesoplenty:violet":1,"minecraft:andesite":11,"evilcraft:dark_ore":8,"biomesoplenty:sea_oats":4,"minecraft:bookshelf":60,"minecraft:deepslate_iron_ore":10,"minecraft:lantern":1,"minecraft:stone":49,"minecraft:glass_pane":4,"minecraft:stone_slab":2,"farmersdelight:cabbages":1,"minecraft:cobblestone":21,"biomesoplenty:sprout":1,"minecraft:deepslate_gold_ore":19,"minecraft:sugar_cane":7,"evilcraft:dark_ore_deepslate":6,"minecraft:wheat":16,"minecraft:pumpkin_stem":13,"minecraft:grass":9,"minecraft:oak_log":15,"minecraft:coal_ore":20,"minecraft:sand":19,"minecraft:stone_bricks":3,"minecraft:deepslate":17,"minecraft:fern":2},"minecraft:dropped":{"minecraft:bread":45,"minecraft:porkchop":21,"minecraft:wheat_seeds":19,"minecraft:oak_log":3,"minecraft:baked_potato":48,"minecraft:glass_bottle":7,"minecraft:iron_helmet":1,"minecraft:cobblestone":25,"minecraft:book":180,"minecraft:lantern":2,"minecraft:leather":7,"minecraft:coal":3,"minecraft:dirt":2,"minecraft:gray_wool":2,"minecraft:mutton":21,"minecraft:seagrass":4,"minecraft:string":2,"iammusicplayer:parabolic_antenna":2,"minecraft:white_wool":12,"minecraft:gray_carpet":2,"minecraft:spruce_sapling":1,"minecraft:furnace":3,"minecraft:sweet_berries":2,"minecraft:sugar_cane":12,"minecraft:stone_sword":1,"minecraft:wheat":2,"minecraft:chicken":2,"evilcraft:flesh_humanoid":2,"minecraft:pumpkin_seeds":19,"minecraft:potato":64,"vampirism:vampire_blood_bottle":2,"vampirism:vampire_fang":2,"minecraft:charcoal":12,"minecraft:stone_pickaxe":1,"minecraft:beef":24,"minecraft:egg":1},"minecraft:killed":{"vampirism:vampire":3,"vampirism:advanced_vampire":3,"minecraft:spider":7,"minecraft:vindicator":8,"minecraft:skeleton":2,"minecraft:chicken":2,"minecraft:wolf":2,"vampirism:hunter":2},"minecraft:custom":{"minecraft:mob_kills":80,"minecraft:animals_bred":2,"minecraft:interact_with_crafting_table":6,"minecraft:damage_dealt_resisted":380,"minecraft:time_since_death":3155,"minecraft:climb_one_cm":1410,"vampirism:amount_bitten":172,"minecraft:sprint_one_cm":587011,"minecraft:walk_one_cm":329697,"minecraft:drop":105,"vampirism:skills_unlocked":4,"minecraft:play_time":124590,"minecraft:deaths":3,"minecraft:sneak_time":4972,"minecraft:walk_under_water_one_cm":16680,"minecraft:jump":2137,"minecraft:walk_on_water_one_cm":32516,"minecraft:total_world_time":124590,"vampirism:blood_drunk":49300,"minecraft:interact_with_furnace":28,"tombstone:raider_killed":8,"vampirism:interact_with_research_table":1,"minecraft:sleep_in_bed":1,"minecraft:time_since_rest":2913,"minecraft:damage_taken":298710,"minecraft:damage_dealt":8314,"minecraft:swim_one_cm":29513,"minecraft:fly_one_cm":417111,"minecraft:open_chest":55,"minecraft:crouch_one_cm":10921,"tombstone:undead_killed":2,"minecraft:fall_one_cm":55984},"minecraft:broken":{"minecraft:stone_sword":1,"minecraft:stone_pickaxe":1},"minecraft:used":{"minecraft:stone_sword":136,"minecraft:iron_shovel":23,"farmersdelight:cabbage_seeds":3,"biomesoplenty:glowshroom":1,"minecraft:iron_sword":71,"minecraft:tuff":1,"minecraft:iron_axe":60,"evilcraft:flesh_humanoid":2,"minecraft:stone_bricks":3,"minecraft:sweet_berries":6,"tombstone:gift":2,"minecraft:egg":1,"minecraft:cobbled_deepslate":5,"biomesoplenty:violet":1,"minecraft:wheat_seeds":26,"minecraft:glass_bottle":1,"minecraft:stone_pickaxe":175,"minecraft:gray_carpet":1,"vampirism:human_heart":1,"minecraft:oak_log":7,"minecraft:bread":2,"minecraft:iron_pickaxe":86,"minecraft:stone_slab":4,"minecraft:chiseled_stone_bricks":4,"minecraft:cobblestone":36,"minecraft:potion":1,"minecraft:andesite":11,"minecraft:pumpkin_pie":1},"minecraft:picked_up":{"minecraft:charcoal":12,"minecraft:seagrass":4,"minecraft:iron_chestplate":1,"minecraft:wheat":16,"minecraft:chicken":2,"minecraft:stone_slab":4,"minecraft:stone_brick_wall":16,"biomesoplenty:violet":1,"minecraft:string":7,"minecraft:iron_axe":2,"minecraft:iron_leggings":1,"minecraft:iron_shovel":1,"minecraft:cobbled_deepslate":17,"farmersdelight:cabbage":1,"minecraft:beef":24,"minecraft:iron_pickaxe":1,"minecraft:sugar_cane":12,"minecraft:iron_boots":1,"farmersdelight:cabbage_seeds":3,"minecraft:furnace":1,"minecraft:egg":1,"minecraft:raw_iron":62,"minecraft:torch":2,"minecraft:porkchop":24,"vampirism:vampire_fang":3,"vampirism:amulet":1,"minecraft:arrow":4,"vampirism:blood_bottle":4,"iammusicplayer:parabolic_antenna":1,"minecraft:mutton":29,"minecraft:white_wool":16,"minecraft:cobblestone":84,"vampirism:vampire_blood_bottle":2,"minecraft:andesite":11,"minecraft:leather":9,"biomesoplenty:glowshroom":1,"minecraft:potato":8,"minecraft:tuff":1,"minecraft:oak_log":15,"evilcraft:flesh_humanoid":1,"minecraft:dirt":2,"minecraft:lantern":2,"minecraft:glass":15,"minecraft:bone":4,"vampirism:human_heart":1,"minecraft:gray_carpet":3,"minecraft:stone_bricks":3,"minecraft:wheat_seeds":46,"minecraft:raw_gold":19,"minecraft:stone_pickaxe":1,"minecraft:glass_bottle":1,"minecraft:iron_sword":1,"minecraft:oak_planks":5,"minecraft:book":177,"minecraft:chiseled_stone_bricks":4,"minecraft:sand":18,"minecraft:spruce_sapling":1,"minecraft:spruce_log":4,"minecraft:spider_eye":2,"minecraft:pumpkin_seeds":19,"minecraft:diamond":3,"evilcraft:dark_gem":60,"minecraft:iron_helmet":2,"minecraft:gray_wool":2,"minecraft:emerald":5,"minecraft:baked_potato":48,"minecraft:coal":19},"minecraft:killed_by":{"minecraft:vindicator":3},"minecraft:crafted":{"minecraft:furnace":2,"minecraft:cooked_mutton":11,"minecraft:glass":3,"minecraft:stone_pickaxe":4,"minecraft:glass_bottle":18,"minecraft:air":0,"minecraft:charcoal":45,"minecraft:stick":8,"minecraft:stone_sword":2}},"DataVersion":3465}