{"stats":{"minecraft:crafted":{"evilcraft:dark_spike":32,"minecraft:oak_planks":36,"evilcraft:blood_chest":1,"minecraft:furnace":2,"minecraft:stone":41,"minecraft:flint_and_steel":1,"minecraft:cooked_mutton":11,"minecraft:glass":16,"minecraft:iron_boots":1,"evilcraft:blood_extractor":9,"vampirism:altar_inspiration":1,"minecraft:iron_hoe":1,"minecraft:stone_pickaxe":4,"mca:matchmakers_ring":1,"minecraft:glass_bottle":18,"minecraft:crafting_table":1,"evilcraft:blood_infusion_core":2,"minecraft:iron_helmet":1,"minecraft:bucket":1,"minecraft:air":0,"minecraft:oak_boat":1,"minecraft:iron_chestplate":1,"minecraft:diamond_pickaxe":1,"minecraft:charcoal":71,"minecraft:stick":12,"evilcraft:blood_infuser":1,"minecraft:iron_pickaxe":2,"minecraft:iron_ingot":188,"minecraft:iron_leggings":1,"minecraft:stone_sword":2,"minecraft:gold_ingot":53,"vampirism:blood_container":1},"minecraft:mined":{"minecraft:tuff":3,"minecraft:deepslate_diamond_ore":13,"vampirism:altar_inspiration":1,"minecraft:obsidian":24,"minecraft:glow_lichen":1,"minecraft:granite":7,"minecraft:grass_block":16,"minecraft:stone_brick_wall":28,"minecraft:spruce_leaves":7,"blue_skies:scalefruits":2,"minecraft:chiseled_stone_bricks":4,"minecraft:black_stained_glass_pane":2,"minecraft:furnace":1,"minecraft:fire":15,"minecraft:iron_ore":181,"minecraft:cobbled_deepslate":10,"biomesoplenty:violet":1,"minecraft:andesite":19,"evilcraft:dark_ore":24,"biomesoplenty:sea_oats":4,"minecraft:bookshelf":60,"minecraft:deepslate_iron_ore":91,"minecraft:dirt_path":1,"minecraft:lantern":1,"minecraft:stone":100,"minecraft:glass_pane":4,"travelersbackpack:standard":1,"minecraft:torch":2,"minecraft:stone_slab":2,"farmersdelight:cabbages":1,"minecraft:cobblestone":38,"minecraft:lapis_ore":1,"biomesoplenty:sprout":2,"minecraft:deepslate_gold_ore":51,"minecraft:sugar_cane":7,"minecraft:diorite":4,"minecraft:stripped_spruce_wood":2,"evilcraft:dark_ore_deepslate":21,"minecraft:wheat":117,"minecraft:lilac":1,"minecraft:torchflower":1,"biomesoplenty:maple_leaves":4,"minecraft:pumpkin_stem":27,"minecraft:grass":11,"minecraft:oak_log":24,"minecraft:coal_ore":132,"minecraft:sunflower":1,"minecraft:sand":25,"minecraft:dirt":8,"minecraft:stone_bricks":3,"minecraft:gold_ore":2,"evilcraft:hardened_blood":6,"minecraft:deepslate":58,"minecraft:fern":3},"minecraft:used":{"minecraft:stone_sword":136,"minecraft:iron_shovel":46,"minecraft:flint_and_steel":19,"farmersdelight:cabbage_seeds":3,"evilcraft:blood_chest":1,"aquaculture:brown_trout":1,"biomesoplenty:glowshroom":1,"minecraft:stone":8,"minecraft:iron_sword":359,"minecraft:torch":3,"minecraft:dirt":17,"minecraft:tuff":3,"minecraft:granite":5,"minecraft:obsidian":2,"minecraft:iron_hoe":4,"minecraft:iron_axe":106,"evilcraft:flesh_humanoid":5,"minecraft:stone_bricks":3,"blue_skies:scalefruit_seeds":4,"minecraft:sweet_berries":6,"tombstone:gift":10,"minecraft:egg":1,"biomesoplenty:violet":1,"minecraft:cobbled_deepslate":42,"minecraft:stripped_spruce_wood":2,"minecraft:wheat_seeds":182,"minecraft:water_bucket":14,"minecraft:torchflower":1,"minecraft:diorite":2,"vampirism:altar_inspiration":1,"minecraft:stone_pickaxe":524,"minecraft:glass_bottle":2,"minecraft:gray_carpet":1,"evilcraft:blood_infuser":1,"vampirism:human_heart":2,"minecraft:crafting_table":1,"minecraft:painting":1,"tombstone:bag_of_seeds":2,"minecraft:oak_log":7,"minecraft:diamond_pickaxe":80,"minecraft:bread":2,"minecraft:iron_pickaxe":221,"minecraft:stone_slab":4,"minecraft:chiseled_stone_bricks":4,"minecraft:cobblestone":91,"minecraft:potion":2,"travelersbackpack:standard":2,"minecraft:bucket":11,"minecraft:andesite":18,"minecraft:pumpkin_pie":1,"minecraft:oak_boat":1,"minecraft:bone_meal":1},"minecraft:dropped":{"minecraft:bread":45,"minecraft:porkchop":21,"minecraft:wheat_seeds":113,"minecraft:lilac":1,"minecraft:lapis_lazuli":10,"minecraft:oak_log":3,"minecraft:baked_potato":48,"minecraft:glass_bottle":9,"minecraft:iron_helmet":2,"minecraft:cobblestone":29,"minecraft:book":180,"minecraft:lantern":2,"minecraft:leather":9,"evilcraft:dark_gem":3,"minecraft:coal":3,"minecraft:dirt":4,"evilcraft:blood_extractor":6,"minecraft:gray_wool":2,"tombstone:grave_key":2,"minecraft:mutton":21,"minecraft:seagrass":6,"minecraft:iron_leggings":1,"minecraft:sunflower":1,"minecraft:string":4,"iammusicplayer:parabolic_antenna":2,"minecraft:white_wool":12,"minecraft:gray_carpet":2,"minecraft:spruce_sapling":1,"minecraft:furnace":3,"minecraft:sugar_cane":12,"minecraft:sweet_berries":2,"minecraft:stone_sword":1,"minecraft:cocoa_beans":3,"minecraft:wheat":2,"minecraft:obsidian":20,"blue_skies:scalefruit_seeds":2,"minecraft:chicken":2,"minecraft:rotten_flesh":3,"minecraft:iron_boots":1,"minecraft:torchflower_seeds":4,"minecraft:totem_of_undying":2,"evilcraft:flesh_humanoid":3,"minecraft:pumpkin_seeds":41,"minecraft:flint_and_steel":1,"minecraft:potato":64,"vampirism:vampire_blood_bottle":2,"vampirism:vampire_fang":3,"minecraft:iron_chestplate":1,"minecraft:charcoal":12,"minecraft:stone_brick_wall":2,"minecraft:spider_eye":5,"minecraft:arrow":1,"minecraft:stone_pickaxe":1,"minecraft:beef":27,"mca:matchmakers_ring":4,"minecraft:egg":1},"minecraft:killed":{"minecraft:evoker":3,"vampirism:vampire":8,"vampirism:advanced_vampire":5,"minecraft:spider":9,"minecraft:vindicator":19,"minecraft:skeleton":9,"minecraft:chicken":2,"vampirism:advanced_hunter":3,"aquaculture:brown_trout":1,"minecraft:wolf":2,"minecraft:creeper":1,"vampirism:hunter":10,"minecraft:sheep":1,"minecraft:zombie":7,"minecraft:cow":2},"minecraft:broken":{"minecraft:stone_sword":1,"minecraft:iron_boots":1,"minecraft:stone_pickaxe":4,"minecraft:iron_axe":1,"minecraft:iron_sword":1,"minecraft:iron_helmet":1},"minecraft:picked_up":{"minecraft:seagrass":6,"minecraft:charcoal":12,"minecraft:iron_chestplate":1,"minecraft:wheat":114,"minecraft:chicken":2,"evilcraft:dark_power_gem":2,"minecraft:stone_slab":4,"minecraft:stone_brick_wall":18,"biomesoplenty:violet":1,"tombstone:grave_key":2,"blue_skies:scalefruit":2,"minecraft:flint_and_steel":1,"minecraft:string":16,"minecraft:iron_axe":3,"minecraft:iron_leggings":1,"minecraft:iron_shovel":1,"vampirism:obi_belt":1,"minecraft:cobbled_deepslate":66,"farmersdelight:cabbage":1,"minecraft:beef":31,"evilcraft:hardened_blood_shard":21,"minecraft:iron_pickaxe":1,"minecraft:sugar_cane":12,"evilcraft:blood_extractor":2,"minecraft:furnace":1,"farmersdelight:cabbage_seeds":3,"minecraft:iron_boots":1,"minecraft:egg":1,"minecraft:raw_iron":263,"minecraft:torch":3,"minecraft:porkchop":24,"tombstone:grave_dust":4,"minecraft:diorite":3,"vampirism:vampire_fang":4,"vampirism:amulet":2,"minecraft:rotten_flesh":5,"minecraft:arrow":13,"vampirism:blood_bottle":7,"vampirism:altar_inspiration":1,"blue_skies:scalefruit_seeds":4,"iammusicplayer:parabolic_antenna":1,"aquaculture:brown_trout":1,"minecraft:totem_of_undying":5,"minecraft:obsidian":20,"minecraft:mutton":30,"minecraft:white_wool":17,"minecraft:cobblestone":151,"minecraft:lilac":1,"vampirism:vampire_blood_bottle":3,"minecraft:andesite":19,"minecraft:leather":15,"biomesoplenty:glowshroom":1,"minecraft:torchflower":1,"minecraft:potato":8,"minecraft:tuff":3,"minecraft:stripped_spruce_wood":2,"minecraft:oak_log":24,"evilcraft:flesh_humanoid":3,"minecraft:lapis_lazuli":10,"minecraft:dirt":27,"minecraft:lantern":2,"tombstone:gift":1,"minecraft:glass":15,"minecraft:bone":10,"vampirism:human_heart":2,"minecraft:stone_bricks":3,"minecraft:gray_carpet":3,"minecraft:wheat_seeds":296,"minecraft:raw_gold":53,"minecraft:stone_pickaxe":1,"tombstone:bag_of_seeds":1,"minecraft:glass_bottle":3,"minecraft:iron_sword":2,"minecraft:oak_planks":5,"minecraft:book":177,"mca:matchmakers_ring":3,"minecraft:chiseled_stone_bricks":4,"minecraft:torchflower_seeds":2,"minecraft:sand":23,"minecraft:spruce_sapling":1,"minecraft:spruce_log":4,"minecraft:spider_eye":5,"travelersbackpack:standard":2,"biomesoplenty:maple_sapling":1,"minecraft:pumpkin_seeds":41,"minecraft:diamond":13,"evilcraft:dark_gem":198,"minecraft:iron_helmet":2,"minecraft:granite":7,"minecraft:painting":1,"minecraft:bone_meal":1,"minecraft:gray_wool":2,"minecraft:emerald":13,"minecraft:baked_potato":48,"tombstone:magic_scroll":1,"minecraft:coal":130,"minecraft:sunflower":1},"minecraft:custom":{"minecraft:mob_kills":141,"minecraft:animals_bred":48,"minecraft:interact_with_crafting_table":29,"vampirism:action_time_bat":8980,"minecraft:damage_dealt_resisted":1518,"minecraft:leave_game":1,"minecraft:time_since_death":73230,"minecraft:climb_one_cm":1410,"minecraft:damage_resisted":19,"minecraft:sprint_one_cm":1256227,"vampirism:amount_bitten":988,"minecraft:walk_one_cm":970198,"vampirism:interact_with_coffin":8,"minecraft:drop":192,"vampirism:action_time_regen":2394,"vampirism:skills_unlocked":24,"vampirism:infected_creatures":2,"minecraft:play_time":427742,"vampirism:interact_with_altar_inspiration":84,"minecraft:deaths":14,"minecraft:sneak_time":23035,"minecraft:walk_under_water_one_cm":49758,"minecraft:boat_one_cm":52740,"minecraft:jump":4852,"minecraft:walk_on_water_one_cm":73657,"minecraft:total_world_time":427742,"vampirism:blood_drunk":167500,"vampirism:interact_with_injection_chair":1,"vampirism:altar_of_inspiration_rituals_performed":24,"minecraft:interact_with_furnace":91,"tombstone:raider_killed":22,"vampirism:interact_with_research_table":1,"vampirism:action_used_bat":23,"minecraft:sleep_in_bed":9,"vampirism:actions_used":31,"minecraft:time_since_rest":15612,"vampirism:action_used_regen":6,"minecraft:damage_taken":1187964,"tombstone:sneak_grave":1,"minecraft:damage_dealt":23977,"minecraft:swim_one_cm":104312,"minecraft:fly_one_cm":915020,"minecraft:player_kills":2,"minecraft:open_chest":224,"minecraft:crouch_one_cm":38217,"tombstone:undead_killed":16,"vampirism:action_used_infect":2,"minecraft:fall_one_cm":132099},"minecraft:killed_by":{"minecraft:player":1,"minecraft:vindicator":6,"minecraft:vex":3}},"DataVersion":3465}