{"stats":{"minecraft:crafted":{"evilcraft:dark_spike":16,"minecraft:oak_planks":36,"minecraft:furnace":2,"minecraft:stone":41,"minecraft:flint_and_steel":1,"minecraft:cooked_mutton":11,"minecraft:glass":11,"evilcraft:blood_extractor":4,"vampirism:altar_inspiration":1,"minecraft:stone_pickaxe":4,"mca:matchmakers_ring":1,"minecraft:glass_bottle":18,"minecraft:crafting_table":1,"minecraft:bucket":1,"minecraft:air":0,"minecraft:oak_boat":1,"minecraft:diamond_pickaxe":1,"minecraft:charcoal":71,"minecraft:stick":12,"minecraft:iron_pickaxe":2,"minecraft:iron_ingot":188,"minecraft:stone_sword":2,"minecraft:gold_ingot":53,"vampirism:blood_container":1},"minecraft:mined":{"minecraft:tuff":3,"minecraft:deepslate_diamond_ore":13,"vampirism:altar_inspiration":1,"minecraft:obsidian":24,"minecraft:glow_lichen":1,"minecraft:granite":7,"minecraft:grass_block":15,"minecraft:stone_brick_wall":28,"minecraft:spruce_leaves":7,"blue_skies:scalefruits":1,"minecraft:chiseled_stone_bricks":4,"minecraft:black_stained_glass_pane":2,"minecraft:furnace":1,"minecraft:fire":8,"minecraft:iron_ore":181,"minecraft:cobbled_deepslate":10,"biomesoplenty:violet":1,"minecraft:andesite":19,"evilcraft:dark_ore":24,"biomesoplenty:sea_oats":4,"minecraft:bookshelf":60,"minecraft:deepslate_iron_ore":91,"minecraft:dirt_path":1,"minecraft:lantern":1,"minecraft:stone":92,"minecraft:glass_pane":4,"travelersbackpack:standard":1,"minecraft:torch":2,"minecraft:stone_slab":2,"farmersdelight:cabbages":1,"minecraft:cobblestone":38,"minecraft:lapis_ore":1,"biomesoplenty:sprout":1,"minecraft:deepslate_gold_ore":51,"minecraft:sugar_cane":7,"minecraft:diorite":4,"minecraft:stripped_spruce_wood":2,"evilcraft:dark_ore_deepslate":21,"minecraft:wheat":117,"minecraft:lilac":1,"biomesoplenty:maple_leaves":4,"minecraft:pumpkin_stem":27,"minecraft:grass":10,"minecraft:oak_log":24,"minecraft:coal_ore":132,"minecraft:sand":19,"minecraft:dirt":8,"minecraft:stone_bricks":3,"minecraft:gold_ore":2,"evilcraft:hardened_blood":1,"minecraft:deepslate":58,"minecraft:fern":3},"minecraft:used":{"minecraft:stone_sword":136,"minecraft:iron_shovel":39,"minecraft:flint_and_steel":11,"farmersdelight:cabbage_seeds":3,"aquaculture:brown_trout":1,"biomesoplenty:glowshroom":1,"minecraft:iron_sword":255,"minecraft:torch":3,"minecraft:dirt":13,"minecraft:tuff":3,"minecraft:granite":5,"minecraft:obsidian":2,"minecraft:iron_axe":106,"evilcraft:flesh_humanoid":5,"minecraft:stone_bricks":3,"blue_skies:scalefruit_seeds":1,"minecraft:sweet_berries":6,"tombstone:gift":9,"minecraft:egg":1,"biomesoplenty:violet":1,"minecraft:cobbled_deepslate":42,"minecraft:stripped_spruce_wood":2,"minecraft:wheat_seeds":182,"minecraft:water_bucket":14,"minecraft:diorite":2,"vampirism:altar_inspiration":1,"minecraft:stone_pickaxe":524,"minecraft:glass_bottle":2,"minecraft:gray_carpet":1,"vampirism:human_heart":1,"minecraft:crafting_table":1,"minecraft:painting":1,"tombstone:bag_of_seeds":2,"minecraft:oak_log":7,"minecraft:diamond_pickaxe":80,"minecraft:bread":2,"minecraft:iron_pickaxe":212,"minecraft:stone_slab":4,"minecraft:chiseled_stone_bricks":4,"minecraft:cobblestone":91,"minecraft:potion":2,"travelersbackpack:standard":2,"minecraft:bucket":11,"minecraft:andesite":18,"minecraft:pumpkin_pie":1,"minecraft:oak_boat":1,"minecraft:bone_meal":1},"minecraft:dropped":{"minecraft:bread":45,"minecraft:porkchop":21,"minecraft:wheat_seeds":113,"minecraft:lapis_lazuli":10,"minecraft:oak_log":3,"minecraft:baked_potato":48,"minecraft:glass_bottle":9,"minecraft:iron_helmet":1,"minecraft:cobblestone":29,"minecraft:book":180,"minecraft:lantern":2,"minecraft:leather":9,"minecraft:coal":3,"minecraft:dirt":4,"evilcraft:blood_extractor":3,"minecraft:gray_wool":2,"tombstone:grave_key":2,"minecraft:mutton":21,"minecraft:seagrass":6,"minecraft:string":2,"iammusicplayer:parabolic_antenna":2,"minecraft:white_wool":12,"minecraft:gray_carpet":2,"minecraft:spruce_sapling":1,"minecraft:furnace":3,"minecraft:sugar_cane":12,"minecraft:sweet_berries":2,"minecraft:stone_sword":1,"minecraft:wheat":2,"blue_skies:scalefruit_seeds":2,"minecraft:chicken":2,"minecraft:torchflower_seeds":4,"minecraft:totem_of_undying":2,"evilcraft:flesh_humanoid":3,"minecraft:pumpkin_seeds":41,"minecraft:potato":64,"vampirism:vampire_blood_bottle":2,"vampirism:vampire_fang":3,"minecraft:charcoal":12,"minecraft:stone_brick_wall":2,"minecraft:spider_eye":5,"minecraft:stone_pickaxe":1,"minecraft:beef":27,"mca:matchmakers_ring":4,"minecraft:egg":1},"minecraft:killed":{"minecraft:evoker":3,"vampirism:vampire":8,"vampirism:advanced_vampire":4,"minecraft:spider":8,"minecraft:vindicator":19,"minecraft:skeleton":3,"minecraft:chicken":2,"vampirism:advanced_hunter":1,"aquaculture:brown_trout":1,"minecraft:wolf":2,"vampirism:hunter":6,"minecraft:sheep":1,"minecraft:zombie":4,"minecraft:cow":1},"minecraft:broken":{"minecraft:stone_sword":1,"minecraft:stone_pickaxe":4,"minecraft:iron_axe":1,"minecraft:iron_sword":1},"minecraft:picked_up":{"minecraft:seagrass":6,"minecraft:charcoal":12,"minecraft:iron_chestplate":1,"minecraft:wheat":114,"minecraft:chicken":2,"minecraft:stone_slab":4,"minecraft:stone_brick_wall":18,"biomesoplenty:violet":1,"tombstone:grave_key":2,"minecraft:string":12,"minecraft:iron_axe":3,"minecraft:iron_leggings":1,"minecraft:iron_shovel":1,"minecraft:cobbled_deepslate":66,"farmersdelight:cabbage":1,"minecraft:beef":30,"minecraft:iron_pickaxe":1,"minecraft:sugar_cane":12,"evilcraft:blood_extractor":1,"minecraft:furnace":1,"farmersdelight:cabbage_seeds":3,"minecraft:iron_boots":1,"minecraft:egg":1,"minecraft:raw_iron":263,"minecraft:torch":3,"minecraft:porkchop":24,"minecraft:diorite":3,"vampirism:vampire_fang":4,"vampirism:amulet":2,"minecraft:rotten_flesh":2,"minecraft:arrow":7,"vampirism:blood_bottle":6,"vampirism:altar_inspiration":1,"blue_skies:scalefruit_seeds":1,"iammusicplayer:parabolic_antenna":1,"aquaculture:brown_trout":1,"minecraft:totem_of_undying":5,"minecraft:obsidian":20,"minecraft:mutton":30,"minecraft:white_wool":17,"minecraft:cobblestone":143,"minecraft:lilac":1,"vampirism:vampire_blood_bottle":2,"minecraft:andesite":19,"minecraft:leather":13,"biomesoplenty:glowshroom":1,"minecraft:potato":8,"minecraft:tuff":3,"minecraft:stripped_spruce_wood":2,"minecraft:oak_log":24,"evilcraft:flesh_humanoid":3,"minecraft:lapis_lazuli":10,"minecraft:dirt":26,"minecraft:lantern":2,"tombstone:gift":1,"minecraft:glass":15,"minecraft:bone":6,"vampirism:human_heart":1,"minecraft:stone_bricks":3,"minecraft:gray_carpet":3,"minecraft:wheat_seeds":296,"minecraft:raw_gold":53,"minecraft:stone_pickaxe":1,"tombstone:bag_of_seeds":1,"minecraft:glass_bottle":3,"minecraft:iron_sword":2,"minecraft:oak_planks":5,"minecraft:book":177,"mca:matchmakers_ring":3,"minecraft:chiseled_stone_bricks":4,"minecraft:torchflower_seeds":2,"minecraft:sand":18,"minecraft:spruce_sapling":1,"minecraft:spruce_log":4,"minecraft:spider_eye":5,"travelersbackpack:standard":2,"biomesoplenty:maple_sapling":1,"minecraft:pumpkin_seeds":41,"minecraft:diamond":13,"evilcraft:dark_gem":197,"minecraft:iron_helmet":2,"minecraft:granite":7,"minecraft:painting":1,"minecraft:bone_meal":1,"minecraft:gray_wool":2,"minecraft:emerald":13,"minecraft:baked_potato":48,"minecraft:coal":130},"minecraft:custom":{"minecraft:mob_kills":122,"minecraft:animals_bred":48,"minecraft:interact_with_crafting_table":15,"vampirism:action_time_bat":8767,"minecraft:damage_dealt_resisted":1335,"minecraft:leave_game":1,"minecraft:time_since_death":37230,"minecraft:climb_one_cm":1410,"minecraft:sprint_one_cm":1166457,"vampirism:amount_bitten":942,"minecraft:walk_one_cm":896600,"vampirism:interact_with_coffin":7,"minecraft:drop":171,"vampirism:action_time_regen":2394,"vampirism:skills_unlocked":24,"vampirism:infected_creatures":2,"minecraft:play_time":391742,"vampirism:interact_with_altar_inspiration":84,"minecraft:deaths":14,"minecraft:sneak_time":22830,"minecraft:walk_under_water_one_cm":48072,"minecraft:boat_one_cm":52740,"minecraft:jump":4530,"minecraft:walk_on_water_one_cm":72771,"minecraft:total_world_time":391742,"vampirism:blood_drunk":158200,"vampirism:interact_with_injection_chair":1,"vampirism:altar_of_inspiration_rituals_performed":24,"minecraft:interact_with_furnace":82,"tombstone:raider_killed":22,"vampirism:interact_with_research_table":1,"vampirism:action_used_bat":22,"minecraft:sleep_in_bed":8,"vampirism:actions_used":30,"minecraft:time_since_rest":4662,"vampirism:action_used_regen":6,"minecraft:damage_taken":1187273,"tombstone:sneak_grave":1,"minecraft:damage_dealt":18643,"minecraft:swim_one_cm":102574,"minecraft:fly_one_cm":842412,"minecraft:player_kills":2,"minecraft:open_chest":172,"minecraft:crouch_one_cm":37945,"tombstone:undead_killed":7,"vampirism:action_used_infect":2,"minecraft:fall_one_cm":120645},"minecraft:killed_by":{"minecraft:player":1,"minecraft:vindicator":6,"minecraft:vex":3}},"DataVersion":3465}