{"stats":{"minecraft:crafted":{"minecraft:oak_planks":36,"minecraft:furnace":2,"minecraft:cooked_mutton":11,"minecraft:glass":7,"vampirism:altar_inspiration":1,"minecraft:stone_pickaxe":4,"mca:matchmakers_ring":1,"minecraft:glass_bottle":18,"minecraft:crafting_table":1,"minecraft:air":0,"minecraft:oak_boat":1,"minecraft:charcoal":49,"minecraft:stick":8,"minecraft:iron_ingot":20,"minecraft:stone_sword":2,"minecraft:gold_ingot":19,"vampirism:blood_container":1},"minecraft:mined":{"minecraft:tuff":1,"minecraft:deepslate_diamond_ore":3,"minecraft:granite":2,"minecraft:grass_block":6,"minecraft:stone_brick_wall":28,"minecraft:spruce_leaves":7,"minecraft:chiseled_stone_bricks":4,"minecraft:black_stained_glass_pane":2,"minecraft:furnace":1,"minecraft:iron_ore":90,"biomesoplenty:violet":1,"minecraft:andesite":11,"evilcraft:dark_ore":15,"biomesoplenty:sea_oats":4,"minecraft:bookshelf":60,"minecraft:deepslate_iron_ore":10,"minecraft:dirt_path":1,"minecraft:lantern":1,"minecraft:stone":61,"minecraft:glass_pane":4,"minecraft:torch":2,"minecraft:stone_slab":2,"farmersdelight:cabbages":1,"minecraft:cobblestone":21,"minecraft:lapis_ore":1,"biomesoplenty:sprout":1,"minecraft:deepslate_gold_ore":19,"minecraft:sugar_cane":7,"minecraft:stripped_spruce_wood":2,"evilcraft:dark_ore_deepslate":6,"minecraft:wheat":117,"biomesoplenty:maple_leaves":2,"minecraft:pumpkin_stem":27,"minecraft:grass":9,"minecraft:oak_log":24,"minecraft:coal_ore":65,"minecraft:sand":19,"minecraft:dirt":7,"minecraft:stone_bricks":3,"minecraft:deepslate":17,"minecraft:fern":3},"minecraft:used":{"minecraft:stone_sword":136,"minecraft:iron_shovel":31,"farmersdelight:cabbage_seeds":3,"biomesoplenty:glowshroom":1,"minecraft:iron_sword":199,"minecraft:torch":3,"minecraft:dirt":12,"minecraft:tuff":1,"minecraft:iron_axe":72,"evilcraft:flesh_humanoid":5,"minecraft:stone_bricks":3,"minecraft:sweet_berries":6,"tombstone:gift":6,"minecraft:egg":1,"biomesoplenty:violet":1,"minecraft:cobbled_deepslate":5,"minecraft:stripped_spruce_wood":2,"minecraft:wheat_seeds":182,"vampirism:altar_inspiration":1,"minecraft:stone_pickaxe":277,"minecraft:glass_bottle":2,"minecraft:gray_carpet":1,"vampirism:human_heart":1,"minecraft:crafting_table":1,"minecraft:painting":1,"minecraft:oak_log":7,"minecraft:bread":2,"minecraft:iron_pickaxe":86,"minecraft:stone_slab":4,"minecraft:chiseled_stone_bricks":4,"minecraft:cobblestone":44,"minecraft:potion":2,"minecraft:andesite":11,"minecraft:pumpkin_pie":1,"minecraft:oak_boat":1,"minecraft:bone_meal":1},"minecraft:dropped":{"minecraft:bread":45,"minecraft:porkchop":21,"minecraft:wheat_seeds":111,"minecraft:lapis_lazuli":10,"minecraft:oak_log":3,"minecraft:baked_potato":48,"minecraft:glass_bottle":7,"minecraft:iron_helmet":1,"minecraft:cobblestone":29,"minecraft:book":180,"minecraft:lantern":2,"minecraft:leather":8,"minecraft:coal":3,"minecraft:dirt":4,"minecraft:gray_wool":2,"minecraft:mutton":21,"minecraft:seagrass":6,"minecraft:string":2,"iammusicplayer:parabolic_antenna":2,"minecraft:white_wool":12,"minecraft:gray_carpet":2,"minecraft:spruce_sapling":1,"minecraft:furnace":3,"minecraft:sugar_cane":12,"minecraft:sweet_berries":2,"minecraft:stone_sword":1,"minecraft:wheat":2,"minecraft:chicken":2,"minecraft:totem_of_undying":2,"evilcraft:flesh_humanoid":3,"minecraft:pumpkin_seeds":41,"minecraft:potato":64,"vampirism:vampire_blood_bottle":2,"vampirism:vampire_fang":2,"minecraft:charcoal":12,"minecraft:spider_eye":5,"minecraft:stone_pickaxe":1,"minecraft:beef":26,"mca:matchmakers_ring":2,"minecraft:egg":1},"minecraft:killed":{"minecraft:evoker":3,"vampirism:vampire":5,"vampirism:advanced_vampire":4,"minecraft:spider":8,"minecraft:vindicator":19,"minecraft:skeleton":2,"minecraft:chicken":2,"minecraft:wolf":2,"vampirism:hunter":4,"minecraft:zombie":1},"minecraft:broken":{"minecraft:stone_sword":1,"minecraft:stone_pickaxe":2},"minecraft:picked_up":{"minecraft:seagrass":6,"minecraft:charcoal":12,"minecraft:iron_chestplate":1,"minecraft:wheat":111,"minecraft:chicken":2,"minecraft:stone_slab":4,"minecraft:stone_brick_wall":18,"biomesoplenty:violet":1,"minecraft:string":10,"minecraft:iron_axe":3,"minecraft:iron_leggings":1,"minecraft:iron_shovel":1,"minecraft:cobbled_deepslate":17,"farmersdelight:cabbage":1,"minecraft:beef":30,"minecraft:iron_pickaxe":1,"minecraft:sugar_cane":12,"minecraft:furnace":1,"farmersdelight:cabbage_seeds":3,"minecraft:iron_boots":1,"minecraft:egg":1,"minecraft:raw_iron":95,"minecraft:torch":3,"minecraft:porkchop":24,"vampirism:vampire_fang":4,"vampirism:amulet":1,"minecraft:arrow":6,"vampirism:blood_bottle":6,"iammusicplayer:parabolic_antenna":1,"minecraft:totem_of_undying":5,"minecraft:mutton":29,"minecraft:white_wool":16,"minecraft:cobblestone":96,"vampirism:vampire_blood_bottle":2,"minecraft:andesite":11,"minecraft:leather":13,"biomesoplenty:glowshroom":1,"minecraft:potato":8,"minecraft:tuff":1,"minecraft:stripped_spruce_wood":2,"minecraft:oak_log":24,"evilcraft:flesh_humanoid":3,"minecraft:lapis_lazuli":10,"minecraft:dirt":16,"minecraft:lantern":2,"minecraft:glass":15,"minecraft:bone":4,"vampirism:human_heart":1,"minecraft:stone_bricks":3,"minecraft:gray_carpet":3,"minecraft:wheat_seeds":296,"minecraft:raw_gold":19,"minecraft:stone_pickaxe":1,"minecraft:glass_bottle":1,"minecraft:iron_sword":1,"minecraft:oak_planks":5,"minecraft:book":177,"mca:matchmakers_ring":1,"minecraft:chiseled_stone_bricks":4,"minecraft:sand":18,"minecraft:spruce_sapling":1,"minecraft:spruce_log":4,"minecraft:spider_eye":5,"minecraft:pumpkin_seeds":41,"minecraft:diamond":3,"evilcraft:dark_gem":92,"minecraft:iron_helmet":2,"minecraft:granite":2,"minecraft:painting":1,"minecraft:bone_meal":1,"minecraft:gray_wool":2,"minecraft:emerald":13,"minecraft:baked_potato":48,"minecraft:coal":63},"minecraft:custom":{"minecraft:mob_kills":109,"minecraft:animals_bred":47,"minecraft:interact_with_crafting_table":9,"vampirism:action_time_bat":421,"minecraft:damage_dealt_resisted":700,"minecraft:leave_game":1,"minecraft:time_since_death":88646,"minecraft:climb_one_cm":1410,"minecraft:sprint_one_cm":948135,"vampirism:amount_bitten":387,"minecraft:walk_one_cm":650763,"vampirism:interact_with_coffin":2,"minecraft:drop":154,"vampirism:action_time_regen":798,"vampirism:skills_unlocked":16,"vampirism:infected_creatures":1,"minecraft:play_time":241742,"vampirism:interact_with_altar_inspiration":26,"minecraft:deaths":12,"minecraft:sneak_time":8401,"minecraft:walk_under_water_one_cm":26649,"minecraft:boat_one_cm":52740,"minecraft:jump":3545,"minecraft:walk_on_water_one_cm":50533,"minecraft:total_world_time":241742,"vampirism:blood_drunk":87600,"vampirism:interact_with_injection_chair":1,"vampirism:altar_of_inspiration_rituals_performed":15,"minecraft:interact_with_furnace":51,"tombstone:raider_killed":22,"vampirism:interact_with_research_table":1,"vampirism:action_used_bat":2,"minecraft:sleep_in_bed":3,"vampirism:actions_used":5,"minecraft:time_since_rest":8732,"vampirism:action_used_regen":2,"minecraft:damage_taken":1090468,"minecraft:damage_dealt":14673,"minecraft:swim_one_cm":42120,"minecraft:fly_one_cm":674823,"minecraft:player_kills":1,"minecraft:open_chest":107,"minecraft:crouch_one_cm":16311,"tombstone:undead_killed":3,"vampirism:action_used_infect":1,"minecraft:fall_one_cm":90671},"minecraft:killed_by":{"minecraft:player":1,"minecraft:vindicator":6,"minecraft:vex":3}},"DataVersion":3465}