{"stats":{"minecraft:crafted":{"evilcraft:dark_spike":16,"minecraft:oak_planks":36,"minecraft:furnace":2,"minecraft:cooked_mutton":11,"minecraft:glass":11,"evilcraft:blood_extractor":4,"vampirism:altar_inspiration":1,"minecraft:stone_pickaxe":4,"mca:matchmakers_ring":1,"minecraft:glass_bottle":18,"minecraft:crafting_table":1,"minecraft:air":0,"minecraft:oak_boat":1,"minecraft:diamond_pickaxe":1,"minecraft:charcoal":49,"minecraft:stick":12,"minecraft:iron_ingot":20,"minecraft:stone_sword":2,"minecraft:gold_ingot":19,"vampirism:blood_container":1},"minecraft:mined":{"minecraft:tuff":1,"minecraft:deepslate_diamond_ore":3,"vampirism:altar_inspiration":1,"minecraft:granite":7,"minecraft:grass_block":6,"minecraft:stone_brick_wall":28,"minecraft:spruce_leaves":7,"minecraft:chiseled_stone_bricks":4,"minecraft:black_stained_glass_pane":2,"minecraft:furnace":1,"minecraft:iron_ore":152,"biomesoplenty:violet":1,"minecraft:andesite":18,"evilcraft:dark_ore":18,"biomesoplenty:sea_oats":4,"minecraft:bookshelf":60,"minecraft:deepslate_iron_ore":10,"minecraft:dirt_path":1,"minecraft:lantern":1,"minecraft:stone":76,"minecraft:glass_pane":4,"minecraft:torch":2,"minecraft:stone_slab":2,"farmersdelight:cabbages":1,"minecraft:cobblestone":21,"minecraft:lapis_ore":1,"biomesoplenty:sprout":1,"minecraft:deepslate_gold_ore":19,"minecraft:sugar_cane":7,"minecraft:diorite":4,"minecraft:stripped_spruce_wood":2,"evilcraft:dark_ore_deepslate":6,"minecraft:wheat":117,"biomesoplenty:maple_leaves":4,"minecraft:pumpkin_stem":27,"minecraft:grass":9,"minecraft:oak_log":24,"minecraft:coal_ore":122,"minecraft:sand":19,"minecraft:dirt":8,"minecraft:stone_bricks":3,"minecraft:deepslate":17,"minecraft:fern":3},"minecraft:used":{"minecraft:stone_sword":136,"minecraft:iron_shovel":32,"farmersdelight:cabbage_seeds":3,"aquaculture:brown_trout":1,"biomesoplenty:glowshroom":1,"minecraft:iron_sword":211,"minecraft:torch":3,"minecraft:dirt":13,"minecraft:tuff":1,"minecraft:granite":5,"minecraft:iron_axe":72,"evilcraft:flesh_humanoid":5,"minecraft:stone_bricks":3,"minecraft:sweet_berries":6,"tombstone:gift":6,"minecraft:egg":1,"biomesoplenty:violet":1,"minecraft:cobbled_deepslate":5,"minecraft:stripped_spruce_wood":2,"minecraft:wheat_seeds":182,"minecraft:diorite":2,"vampirism:altar_inspiration":1,"minecraft:stone_pickaxe":431,"minecraft:glass_bottle":2,"minecraft:gray_carpet":1,"vampirism:human_heart":1,"minecraft:crafting_table":1,"minecraft:painting":1,"minecraft:oak_log":7,"minecraft:bread":2,"minecraft:iron_pickaxe":86,"minecraft:stone_slab":4,"minecraft:chiseled_stone_bricks":4,"minecraft:cobblestone":54,"minecraft:potion":2,"travelersbackpack:standard":1,"minecraft:andesite":18,"minecraft:pumpkin_pie":1,"minecraft:oak_boat":1,"minecraft:bone_meal":1},"minecraft:dropped":{"minecraft:bread":45,"minecraft:porkchop":21,"minecraft:wheat_seeds":113,"minecraft:lapis_lazuli":10,"minecraft:oak_log":3,"minecraft:baked_potato":48,"minecraft:glass_bottle":9,"minecraft:iron_helmet":1,"minecraft:cobblestone":29,"minecraft:book":180,"minecraft:lantern":2,"minecraft:leather":9,"minecraft:coal":3,"minecraft:dirt":4,"evilcraft:blood_extractor":3,"minecraft:gray_wool":2,"minecraft:mutton":21,"minecraft:seagrass":6,"minecraft:string":2,"iammusicplayer:parabolic_antenna":2,"minecraft:white_wool":12,"minecraft:gray_carpet":2,"minecraft:spruce_sapling":1,"minecraft:furnace":3,"minecraft:sugar_cane":12,"minecraft:sweet_berries":2,"minecraft:stone_sword":1,"minecraft:wheat":2,"minecraft:chicken":2,"minecraft:totem_of_undying":2,"evilcraft:flesh_humanoid":3,"minecraft:pumpkin_seeds":41,"minecraft:potato":64,"vampirism:vampire_blood_bottle":2,"vampirism:vampire_fang":3,"minecraft:charcoal":12,"minecraft:stone_brick_wall":2,"minecraft:spider_eye":5,"minecraft:stone_pickaxe":1,"minecraft:beef":27,"mca:matchmakers_ring":4,"minecraft:egg":1},"minecraft:killed":{"minecraft:evoker":3,"vampirism:vampire":5,"vampirism:advanced_vampire":4,"minecraft:spider":8,"minecraft:vindicator":19,"minecraft:skeleton":2,"minecraft:chicken":2,"aquaculture:brown_trout":1,"minecraft:wolf":2,"vampirism:hunter":4,"minecraft:sheep":1,"minecraft:zombie":1},"minecraft:broken":{"minecraft:stone_sword":1,"minecraft:stone_pickaxe":3},"minecraft:picked_up":{"minecraft:seagrass":6,"minecraft:charcoal":12,"minecraft:iron_chestplate":1,"minecraft:wheat":114,"minecraft:chicken":2,"minecraft:stone_slab":4,"minecraft:stone_brick_wall":18,"biomesoplenty:violet":1,"minecraft:string":10,"minecraft:iron_axe":3,"minecraft:iron_leggings":1,"minecraft:iron_shovel":1,"minecraft:cobbled_deepslate":17,"farmersdelight:cabbage":1,"minecraft:beef":30,"minecraft:iron_pickaxe":1,"minecraft:sugar_cane":12,"evilcraft:blood_extractor":1,"minecraft:furnace":1,"farmersdelight:cabbage_seeds":3,"minecraft:iron_boots":1,"minecraft:egg":1,"minecraft:raw_iron":154,"minecraft:torch":3,"minecraft:porkchop":24,"minecraft:diorite":3,"vampirism:vampire_fang":4,"vampirism:amulet":1,"minecraft:arrow":6,"vampirism:blood_bottle":6,"vampirism:altar_inspiration":1,"iammusicplayer:parabolic_antenna":1,"aquaculture:brown_trout":1,"minecraft:totem_of_undying":5,"minecraft:mutton":30,"minecraft:white_wool":17,"minecraft:cobblestone":110,"vampirism:vampire_blood_bottle":2,"minecraft:andesite":18,"minecraft:leather":13,"biomesoplenty:glowshroom":1,"minecraft:potato":8,"minecraft:tuff":1,"minecraft:stripped_spruce_wood":2,"minecraft:oak_log":24,"evilcraft:flesh_humanoid":3,"minecraft:lapis_lazuli":10,"minecraft:dirt":17,"minecraft:lantern":2,"minecraft:glass":15,"minecraft:bone":4,"vampirism:human_heart":1,"minecraft:stone_bricks":3,"minecraft:gray_carpet":3,"minecraft:wheat_seeds":296,"minecraft:raw_gold":19,"minecraft:stone_pickaxe":1,"minecraft:glass_bottle":3,"minecraft:iron_sword":1,"minecraft:oak_planks":5,"minecraft:book":177,"mca:matchmakers_ring":3,"minecraft:chiseled_stone_bricks":4,"minecraft:sand":18,"minecraft:spruce_sapling":1,"minecraft:spruce_log":4,"minecraft:spider_eye":5,"travelersbackpack:standard":1,"biomesoplenty:maple_sapling":1,"minecraft:pumpkin_seeds":41,"minecraft:diamond":3,"evilcraft:dark_gem":104,"minecraft:iron_helmet":2,"minecraft:granite":7,"minecraft:painting":1,"minecraft:bone_meal":1,"minecraft:gray_wool":2,"minecraft:emerald":13,"minecraft:baked_potato":48,"minecraft:coal":120},"minecraft:custom":{"minecraft:mob_kills":111,"minecraft:animals_bred":48,"minecraft:interact_with_crafting_table":12,"vampirism:action_time_bat":1969,"minecraft:damage_dealt_resisted":700,"minecraft:leave_game":1,"minecraft:time_since_death":166646,"minecraft:climb_one_cm":1410,"minecraft:sprint_one_cm":1041006,"vampirism:amount_bitten":880,"minecraft:walk_one_cm":795635,"vampirism:interact_with_coffin":4,"minecraft:drop":165,"vampirism:action_time_regen":2394,"vampirism:skills_unlocked":16,"vampirism:infected_creatures":2,"minecraft:play_time":319742,"vampirism:interact_with_altar_inspiration":84,"minecraft:deaths":12,"minecraft:sneak_time":11597,"minecraft:walk_under_water_one_cm":42355,"minecraft:boat_one_cm":52740,"minecraft:jump":3988,"minecraft:walk_on_water_one_cm":61208,"minecraft:total_world_time":319742,"vampirism:blood_drunk":141400,"vampirism:interact_with_injection_chair":1,"vampirism:altar_of_inspiration_rituals_performed":24,"minecraft:interact_with_furnace":58,"tombstone:raider_killed":22,"vampirism:interact_with_research_table":1,"vampirism:action_used_bat":7,"minecraft:sleep_in_bed":5,"vampirism:actions_used":15,"minecraft:time_since_rest":62022,"vampirism:action_used_regen":6,"minecraft:damage_taken":1091510,"minecraft:damage_dealt":15081,"minecraft:swim_one_cm":102574,"minecraft:fly_one_cm":745449,"minecraft:player_kills":2,"minecraft:open_chest":126,"minecraft:crouch_one_cm":20772,"tombstone:undead_killed":3,"vampirism:action_used_infect":2,"minecraft:fall_one_cm":101333},"minecraft:killed_by":{"minecraft:player":1,"minecraft:vindicator":6,"minecraft:vex":3}},"DataVersion":3465}