{"stats":{"minecraft:mined":{"minecraft:furnace":1,"minecraft:wheat":2,"minecraft:grass":1,"minecraft:stone_brick_wall":25,"minecraft:oak_log":11,"minecraft:lantern":1,"minecraft:stone":32,"minecraft:fern":1},"minecraft:dropped":{"minecraft:furnace":2,"minecraft:wheat_seeds":2,"minecraft:oak_log":3,"minecraft:stone_sword":1,"minecraft:cobblestone":25,"minecraft:gray_carpet":2},"minecraft:custom":{"minecraft:time_since_rest":16590,"minecraft:interact_with_furnace":5,"minecraft:sprint_one_cm":70959,"minecraft:damage_taken":120,"minecraft:walk_one_cm":35712,"minecraft:drop":12,"minecraft:interact_with_crafting_table":2,"minecraft:fly_one_cm":45236,"vampirism:interact_with_research_table":1,"minecraft:open_chest":17,"minecraft:crouch_one_cm":1594,"minecraft:play_time":16590,"minecraft:sneak_time":853,"minecraft:jump":168,"minecraft:time_since_death":16590,"minecraft:climb_one_cm":944,"minecraft:total_world_time":16590,"minecraft:fall_one_cm":4793},"minecraft:used":{"minecraft:oak_log":7,"minecraft:wheat_seeds":2,"minecraft:bread":1,"minecraft:gray_carpet":1,"minecraft:iron_pickaxe":59,"minecraft:sweet_berries":6,"minecraft:pumpkin_pie":1,"minecraft:egg":1},"minecraft:picked_up":{"minecraft:wheat":2,"minecraft:stone_brick_wall":15,"minecraft:oak_log":11,"vampirism:vampire_fang":1,"minecraft:lantern":1,"minecraft:gray_carpet":3,"minecraft:wheat_seeds":4,"minecraft:oak_planks":5,"minecraft:cobblestone":48,"minecraft:furnace":1},"minecraft:crafted":{"minecraft:charcoal":6,"minecraft:stone_pickaxe":1,"minecraft:stone_sword":2,"minecraft:furnace":2,"minecraft:air":0}},"DataVersion":3465}