{"stats":{"minecraft:picked_up":{"minecraft:rotten_flesh":2},"minecraft:custom":{"minecraft:jump":75,"minecraft:open_chest":1,"minecraft:time_since_rest":12924,"minecraft:crouch_one_cm":122,"minecraft:walk_on_water_one_cm":147,"minecraft:play_time":12924,"minecraft:damage_taken":120,"minecraft:time_since_death":12924,"minecraft:walk_one_cm":80867,"minecraft:climb_one_cm":220,"minecraft:sneak_time":15,"minecraft:total_world_time":12924,"vampirism:interact_with_injection_chair":1,"vampirism:interact_with_coffin":2,"minecraft:fall_one_cm":1163,"minecraft:fly_one_cm":456,"minecraft:open_barrel":2}},"DataVersion":3465}