{"stats":{"minecraft:killed":{"minecraft:zombie":2},"minecraft:picked_up":{"vampirism:human_heart":18,"minecraft:rotten_flesh":4,"vampirism:ring":3,"tombstone:grave_dust":3},"minecraft:custom":{"minecraft:open_barrel":2,"minecraft:time_since_rest":24638,"minecraft:open_chest":3,"vampirism:action_time_bat":614,"vampirism:altar_of_inspiration_rituals_performed":21,"minecraft:crouch_one_cm":447,"vampirism:amount_bitten":3,"minecraft:sprint_one_cm":7997,"minecraft:play_time":24638,"minecraft:damage_taken":120,"tombstone:undead_killed":2,"minecraft:walk_one_cm":126992,"minecraft:sneak_time":282,"minecraft:mob_kills":2,"vampirism:interact_with_coffin":2,"minecraft:jump":145,"vampirism:skills_unlocked":4,"minecraft:damage_dealt":397,"minecraft:leave_game":1,"vampirism:action_used_bat":1,"minecraft:time_since_death":24638,"minecraft:walk_on_water_one_cm":147,"minecraft:total_world_time":24638,"minecraft:climb_one_cm":220,"vampirism:blood_drunk":-200,"vampirism:interact_with_injection_chair":1,"vampirism:actions_used":1,"minecraft:fall_one_cm":2061,"minecraft:fly_one_cm":10715}},"DataVersion":3465}