{"stats":{"minecraft:mined":{"minecraft:white_bed":14,"minecraft:spruce_planks":2,"minecraft:farmland":12,"minecraft:mossy_cobblestone":15,"minecraft:stone_brick_wall":66,"minecraft:grass_block":55,"minecraft:moss_block":11,"minecraft:large_fern":3,"minecraft:furnace":3,"cfm:oak_table":12,"minecraft:dirt_path":16,"minecraft:lantern":1,"cfm:white_sofa":12,"minecraft:stone":182,"minecraft:white_wool":15,"cfm:oak_cabinet":7,"minecraft:podzol":7,"minecraft:spruce_door":6,"minecraft:oak_fence":4,"minecraft:chest":4,"vampirism:coffin_white":2,"minecraft:cobblestone":1,"minecraft:wheat":22,"vampirism:med_chair":1,"biomesoplenty:maple_leaves":1,"minecraft:stone_brick_stairs":7,"minecraft:potted_poppy":1,"minecraft:smooth_stone_slab":1,"minecraft:grass":27,"minecraft:oak_log":91,"cfm:oak_coffee_table":7,"minecraft:gravel":1,"minecraft:sand":22,"minecraft:dirt":37,"minecraft:gray_carpet":58,"minecraft:stone_bricks":7,"minecraft:fern":37},"minecraft:dropped":{"minecraft:bread":1,"minecraft:wheat_seeds":6,"vampirism:holy_water_bottle_normal":1,"minecraft:smooth_stone_slab":2,"tombstone:gift":1,"minecraft:rotten_flesh":2,"minecraft:oak_planks":5,"vampirism:blood_bottle":1,"minecraft:stone_bricks":1,"minecraft:glass":15},"minecraft:killed":{"minecraft:spider":1,"minecraft:skeleton":4,"minecraft:zombie":1},"minecraft:custom":{"minecraft:mob_kills":6,"minecraft:animals_bred":3,"minecraft:interact_with_crafting_table":47,"minecraft:open_barrel":4,"minecraft:damage_dealt_resisted":9,"minecraft:time_since_death":45475,"minecraft:climb_one_cm":386,"minecraft:sprint_one_cm":488856,"minecraft:walk_one_cm":501345,"vampirism:interact_with_coffin":3,"minecraft:drop":17,"minecraft:play_time":136016,"minecraft:deaths":1,"minecraft:sneak_time":1411,"minecraft:walk_under_water_one_cm":1777,"minecraft:jump":1322,"minecraft:walk_on_water_one_cm":7267,"minecraft:total_world_time":136016,"vampirism:interact_with_injection_chair":3,"minecraft:interact_with_furnace":82,"minecraft:time_since_rest":44379,"minecraft:damage_taken":1537,"minecraft:damage_dealt":1597,"minecraft:swim_one_cm":4813,"minecraft:fly_one_cm":220933,"minecraft:open_chest":161,"minecraft:crouch_one_cm":3898,"tombstone:undead_killed":5,"minecraft:fall_one_cm":35350},"minecraft:broken":{"minecraft:wooden_shovel":1,"minecraft:stone_pickaxe":2,"minecraft:wooden_axe":2},"minecraft:used":{"minecraft:moss_block":1,"minecraft:oak_fence":21,"minecraft:stone_sword":40,"farmersdelight:cabbage_seeds":1,"minecraft:chest":10,"minecraft:stone":132,"minecraft:wooden_shovel":101,"minecraft:dirt":125,"vampirism:coffin_white":4,"minecraft:stone_stairs":4,"minecraft:oak_fence_gate":1,"biomesoplenty:maple_sapling":24,"minecraft:fern":1,"minecraft:glass":8,"minecraft:wooden_axe":139,"cfm:oak_table":14,"minecraft:lantern":2,"minecraft:stone_brick_stairs":7,"minecraft:stone_bricks":6,"minecraft:sweet_berries":12,"minecraft:furnace":9,"minecraft:cooked_cod":2,"tombstone:gift":3,"minecraft:egg":1,"minecraft:cooked_beef":8,"minecraft:wheat_seeds":21,"minecraft:cooked_mutton":2,"minecraft:water_bucket":7,"minecraft:spruce_door":6,"minecraft:gray_carpet":2,"minecraft:stone_pickaxe":263,"minecraft:oak_planks":51,"minecraft:baked_potato":8,"minecraft:wooden_pickaxe":23,"cfm:oak_coffee_table":9,"cfm:oak_cabinet":12,"minecraft:crafting_table":3,"minecraft:white_bed":7,"minecraft:stone_brick_wall":81,"cfm:oak_chair":4,"minecraft:wooden_hoe":32,"minecraft:apple":2,"cfm:white_sofa":18,"minecraft:bread":8,"minecraft:spruce_sapling":4,"minecraft:cobblestone":4,"minecraft:cooked_porkchop":5,"minecraft:bucket":6,"vampirism:med_chair":1},"minecraft:picked_up":{"minecraft:charcoal":27,"minecraft:wheat":10,"minecraft:clay_ball":5,"minecraft:stone_brick_wall":75,"minecraft:stone_brick_stairs":7,"vampirism:holy_water_bottle_normal":1,"minecraft:string":2,"minecraft:smooth_stone_slab":4,"minecraft:spruce_planks":2,"minecraft:beef":8,"minecraft:sugar_cane":12,"minecraft:chest":4,"minecraft:furnace":6,"farmersdelight:cabbage_seeds":1,"minecraft:egg":1,"cfm:white_sofa":12,"minecraft:stick":17,"minecraft:oak_fence":4,"minecraft:porkchop":6,"vampirism:vampire_fang":1,"minecraft:stone_sword":1,"minecraft:arrow":7,"minecraft:rotten_flesh":8,"minecraft:mutton":21,"minecraft:white_wool":27,"minecraft:cobblestone":192,"vampirism:med_chair":1,"cfm:oak_cabinet":7,"minecraft:leather":5,"cfm:oak_table":12,"minecraft:potato":8,"minecraft:oak_log":93,"minecraft:dirt":140,"minecraft:lantern":2,"tombstone:gift":1,"minecraft:glass":15,"minecraft:bone":3,"minecraft:gray_carpet":57,"minecraft:apple":3,"minecraft:stone_bricks":7,"minecraft:bow":1,"minecraft:wheat_seeds":49,"minecraft:moss_block":11,"minecraft:book":116,"cfm:oak_coffee_table":7,"minecraft:sweet_berries":3,"minecraft:gravel":1,"minecraft:sand":22,"minecraft:white_bed":14,"minecraft:spruce_door":6,"minecraft:mossy_cobblestone":15,"minecraft:pumpkin_seeds":2,"biomesoplenty:maple_sapling":27,"minecraft:gray_wool":2,"minecraft:bread":14,"minecraft:baked_potato":48,"vampirism:coffin_white":2},"minecraft:killed_by":{"minecraft:zombie":1},"minecraft:crafted":{"minecraft:oak_door":3,"minecraft:oak_planks":188,"cfm:oak_coffee_table":8,"minecraft:furnace":4,"minecraft:stone":138,"minecraft:stone_stairs":4,"minecraft:cooked_mutton":10,"minecraft:glass":9,"cfm:white_sofa":6,"minecraft:stone_pickaxe":2,"cfm:oak_table":8,"minecraft:chest":6,"minecraft:oak_fence":18,"minecraft:cooked_beef":8,"minecraft:cooked_cod":8,"minecraft:wooden_shovel":3,"minecraft:cooked_porkchop":5,"cfm:oak_cabinet":6,"minecraft:crafting_table":3,"minecraft:wooden_pickaxe":1,"minecraft:baked_potato":8,"minecraft:bread":1,"minecraft:air":0,"minecraft:oak_fence_gate":2,"minecraft:wooden_hoe":1,"minecraft:charcoal":7,"minecraft:stick":24,"minecraft:wooden_axe":2,"vampirism:coffin_white":2,"cfm:oak_chair":4}},"DataVersion":3465}