{"stats":{"minecraft:crafted":{"minecraft:oak_door":3,"minecraft:oak_planks":628,"cfm:oak_coffee_table":8,"minecraft:furnace":4,"minecraft:stone":309,"minecraft:stone_stairs":24,"minecraft:cooked_mutton":10,"minecraft:oak_trapdoor":2,"minecraft:glass":9,"cfm:white_sofa":6,"minecraft:iron_axe":2,"minecraft:stone_pickaxe":2,"cfm:oak_table":8,"minecraft:chest":18,"minecraft:oak_fence":72,"mca:matchmakers_ring":6,"minecraft:cooked_beef":9,"minecraft:cooked_cod":8,"minecraft:wooden_shovel":3,"minecraft:cooked_porkchop":5,"cfm:oak_cabinet":6,"minecraft:crafting_table":4,"minecraft:spruce_planks":56,"minecraft:wooden_pickaxe":1,"minecraft:baked_potato":12,"minecraft:iron_sword":1,"minecraft:bread":1,"minecraft:air":0,"minecraft:oak_fence_gate":3,"minecraft:oak_boat":1,"minecraft:wooden_hoe":1,"minecraft:charcoal":7,"minecraft:golden_apple":2,"minecraft:stick":80,"vampirism:coffin_white":4,"minecraft:iron_ingot":5,"minecraft:iron_pickaxe":3,"minecraft:oak_stairs":20,"minecraft:wooden_axe":2,"minecraft:iron_shovel":4,"cfm:oak_chair":4},"minecraft:mined":{"biomesoplenty:watergrass":5,"minecraft:spruce_planks":2,"biomesoplenty:glowshroom":1,"minecraft:white_bed":18,"minecraft:farmland":12,"minecraft:mossy_cobblestone":15,"minecraft:stone_brick_wall":80,"minecraft:grass_block":184,"minecraft:moss_block":15,"minecraft:red_mushroom":1,"minecraft:large_fern":5,"minecraft:oak_trapdoor":2,"minecraft:spruce_sapling":2,"minecraft:furnace":3,"cfm:oak_table":12,"biomesoplenty:violet":4,"minecraft:andesite":28,"minecraft:dirt_path":16,"minecraft:oak_stairs":6,"minecraft:lantern":1,"cfm:white_sofa":12,"minecraft:stone":602,"minecraft:white_wool":15,"cfm:oak_cabinet":8,"minecraft:podzol":8,"minecraft:dandelion":1,"minecraft:spruce_door":6,"minecraft:oak_fence":34,"minecraft:poppy":2,"minecraft:chest":4,"vampirism:coffin_white":3,"minecraft:cobblestone":1,"biomesoplenty:sprout":3,"minecraft:lapis_ore":1,"minecraft:oak_planks":30,"minecraft:stone_stairs":6,"minecraft:mud":1,"minecraft:wheat":22,"vampirism:med_chair":1,"biomesoplenty:maple_sapling":2,"minecraft:spruce_log":16,"biomesoplenty:maple_leaves":5,"minecraft:stone_brick_stairs":7,"minecraft:potted_poppy":1,"minecraft:smooth_stone_slab":2,"minecraft:grass":91,"minecraft:oak_log":204,"minecraft:coal_ore":7,"cfm:oak_coffee_table":7,"evilcraft:blood_stain":1,"minecraft:oak_fence_gate":2,"minecraft:gravel":2,"minecraft:sand":78,"minecraft:dirt":411,"minecraft:gray_carpet":59,"minecraft:stone_bricks":9,"minecraft:fern":119},"minecraft:dropped":{"minecraft:bread":1,"minecraft:wheat_seeds":11,"minecraft:oak_log":1,"minecraft:glass_bottle":2,"minecraft:iron_helmet":2,"minecraft:cobblestone":8,"minecraft:leather":2,"minecraft:stick":2,"evilcraft:blood_extractor":2,"minecraft:ink_sac":2,"minecraft:seagrass":2,"minecraft:iron_leggings":2,"tombstone:grave_dust":1,"minecraft:string":2,"vampirism:holy_water_bottle_normal":1,"minecraft:smooth_stone_slab":2,"tombstone:gift":1,"minecraft:rotten_flesh":13,"minecraft:iron_boots":2,"minecraft:oak_planks":5,"vampirism:blood_bottle":1,"minecraft:totem_of_undying":2,"evilcraft:flesh_humanoid":2,"minecraft:pumpkin_seeds":7,"minecraft:iron_chestplate":2,"minecraft:spider_eye":1,"minecraft:stone_bricks":1,"minecraft:glass":15,"minecraft:beef":4,"mca:matchmakers_ring":2},"minecraft:used":{"minecraft:oak_fence":73,"minecraft:oak_trapdoor":2,"minecraft:moss_block":4,"minecraft:stone_sword":55,"minecraft:iron_shovel":599,"farmersdelight:cabbage_seeds":1,"minecraft:chest":22,"biomesoplenty:glowshroom":1,"minecraft:stone":306,"minecraft:iron_sword":89,"minecraft:wooden_shovel":101,"minecraft:rotten_flesh":1,"minecraft:iron_chestplate":1,"minecraft:dirt":281,"vampirism:coffin_white":6,"minecraft:stone_stairs":25,"minecraft:oak_fence_gate":3,"biomesoplenty:maple_sapling":66,"minecraft:fern":1,"minecraft:glass":8,"minecraft:wooden_axe":139,"cfm:oak_table":14,"minecraft:lantern":2,"minecraft:iron_axe":221,"minecraft:oak_stairs":20,"minecraft:iron_helmet":1,"minecraft:iron_boots":1,"minecraft:stone_brick_stairs":7,"evilcraft:flesh_humanoid":1,"minecraft:stone_bricks":6,"minecraft:item_frame":1,"minecraft:sweet_berries":12,"minecraft:furnace":9,"minecraft:cooked_cod":8,"tombstone:gift":4,"minecraft:egg":2,"minecraft:cooked_beef":9,"minecraft:iron_leggings":1,"minecraft:wheat_seeds":59,"minecraft:cooked_mutton":19,"minecraft:water_bucket":27,"minecraft:spruce_door":6,"aquaculture:turtle_soup":1,"minecraft:stone_pickaxe":263,"minecraft:gray_carpet":18,"minecraft:baked_potato":24,"minecraft:oak_planks":351,"minecraft:wooden_pickaxe":23,"cfm:oak_coffee_table":9,"cfm:oak_cabinet":13,"minecraft:crafting_table":4,"minecraft:red_mushroom":1,"minecraft:white_bed":13,"minecraft:painting":6,"minecraft:stone_brick_wall":81,"cfm:oak_chair":4,"minecraft:wooden_hoe":70,"minecraft:apple":3,"cfm:white_sofa":18,"minecraft:iron_pickaxe":482,"biomesoplenty:glowing_moss_carpet":6,"minecraft:bread":14,"minecraft:gravel":1,"minecraft:spruce_sapling":8,"minecraft:cobblestone":4,"minecraft:cooked_porkchop":5,"minecraft:bucket":26,"vampirism:med_chair":1,"minecraft:oak_boat":5},"minecraft:killed":{"minecraft:spider":3,"minecraft:skeleton":6,"aquaculture:brown_trout":1,"aquaculture:perch":3,"aquaculture:minnow":1,"minecraft:goat":2,"minecraft:zombie":10,"mca:female_villager":1,"minecraft:enderman":1},"minecraft:broken":{"minecraft:iron_shovel":1,"minecraft:wooden_shovel":1,"minecraft:stone_pickaxe":2,"minecraft:iron_pickaxe":1,"minecraft:wooden_axe":2},"minecraft:picked_up":{"minecraft:mud":1,"minecraft:seagrass":4,"minecraft:charcoal":27,"minecraft:iron_chestplate":3,"minecraft:wheat":10,"minecraft:clay_ball":5,"minecraft:oak_stairs":6,"minecraft:stone_brick_wall":91,"biomesoplenty:violet":4,"minecraft:stone_brick_stairs":7,"vampirism:holy_water_bottle_normal":1,"minecraft:string":7,"minecraft:oak_trapdoor":2,"minecraft:stone_stairs":6,"minecraft:smooth_stone_slab":5,"minecraft:iron_leggings":3,"minecraft:item_frame":1,"minecraft:spruce_planks":2,"minecraft:beef":21,"minecraft:oak_boat":5,"minecraft:poppy":2,"minecraft:furnace":6,"minecraft:sugar_cane":12,"minecraft:chest":4,"evilcraft:blood_extractor":4,"farmersdelight:cabbage_seeds":1,"minecraft:iron_boots":3,"minecraft:egg":2,"cfm:white_sofa":12,"minecraft:stick":59,"minecraft:oak_fence":34,"minecraft:torch":1,"aquaculture:perch":3,"minecraft:porkchop":6,"tombstone:grave_dust":4,"vampirism:vampire_fang":2,"minecraft:stone_sword":1,"minecraft:arrow":13,"minecraft:rotten_flesh":27,"aquaculture:brown_trout":1,"minecraft:totem_of_undying":3,"minecraft:obsidian":20,"minecraft:mutton":21,"minecraft:white_wool":27,"minecraft:cobblestone":620,"vampirism:med_chair":1,"cfm:oak_cabinet":8,"minecraft:andesite":28,"minecraft:leather":11,"cfm:oak_table":12,"biomesoplenty:glowshroom":1,"minecraft:red_mushroom":1,"minecraft:potato":8,"minecraft:oak_log":212,"evilcraft:flesh_humanoid":1,"minecraft:lapis_lazuli":9,"minecraft:dirt":671,"minecraft:lantern":2,"tombstone:gift":1,"biomesoplenty:glowing_moss_carpet":6,"minecraft:bone":5,"minecraft:glass":15,"minecraft:stone_bricks":9,"minecraft:apple":9,"minecraft:gray_carpet":59,"minecraft:bow":1,"minecraft:wheat_seeds":81,"minecraft:oak_fence_gate":2,"minecraft:stone_pickaxe":1,"aquaculture:minnow":1,"minecraft:glass_bottle":2,"minecraft:moss_block":16,"minecraft:oak_planks":30,"minecraft:book":116,"cfm:oak_coffee_table":7,"mca:matchmakers_ring":3,"minecraft:sweet_berries":3,"minecraft:dandelion":1,"minecraft:gravel":2,"minecraft:sand":76,"minecraft:spruce_sapling":6,"minecraft:ink_sac":2,"minecraft:white_bed":18,"minecraft:spruce_log":14,"minecraft:mossy_cobblestone":15,"minecraft:spruce_door":6,"minecraft:spider_eye":1,"aquaculture:turtle_soup":1,"biomesoplenty:maple_sapling":102,"minecraft:pumpkin_seeds":9,"minecraft:iron_helmet":3,"minecraft:painting":6,"minecraft:gray_wool":2,"minecraft:bread":14,"minecraft:baked_potato":48,"tombstone:magic_scroll":1,"minecraft:coal":7,"vampirism:coffin_white":2},"minecraft:custom":{"minecraft:mob_kills":30,"minecraft:animals_bred":3,"minecraft:interact_with_crafting_table":79,"minecraft:open_barrel":4,"vampirism:action_time_bat":3964,"minecraft:bell_ring":2,"minecraft:damage_dealt_resisted":13,"minecraft:leave_game":4,"minecraft:time_since_death":142008,"minecraft:climb_one_cm":1922,"minecraft:damage_resisted":19,"vampirism:amount_bitten":183,"minecraft:sprint_one_cm":1402765,"minecraft:walk_one_cm":1571288,"vampirism:interact_with_coffin":17,"minecraft:drop":77,"vampirism:action_time_regen":468,"vampirism:skills_unlocked":11,"minecraft:talked_to_villager":1,"minecraft:play_time":490294,"minecraft:deaths":5,"minecraft:sneak_time":8326,"minecraft:walk_under_water_one_cm":8599,"minecraft:boat_one_cm":215730,"minecraft:jump":4679,"minecraft:walk_on_water_one_cm":54421,"minecraft:total_world_time":490294,"vampirism:blood_drunk":12400,"vampirism:interact_with_injection_chair":9,"vampirism:altar_of_inspiration_rituals_performed":65,"minecraft:interact_with_furnace":126,"vampirism:interact_with_research_table":2,"vampirism:action_used_bat":7,"minecraft:sleep_in_bed":11,"vampirism:actions_used":9,"minecraft:time_since_rest":52922,"vampirism:action_used_regen":2,"minecraft:damage_taken":101436,"minecraft:damage_dealt":5770,"minecraft:player_kills":1,"minecraft:swim_one_cm":45911,"minecraft:fly_one_cm":742132,"minecraft:open_chest":383,"minecraft:crouch_one_cm":26360,"tombstone:undead_killed":16,"tombstone:villager_killed":1,"minecraft:fall_one_cm":114472,"minecraft:horse_one_cm":4741},"minecraft:killed_by":{"minecraft:player":2,"minecraft:zombie":1}},"DataVersion":3465}