{"stats":{"minecraft:mined":{"minecraft:podzol":7,"minecraft:spruce_planks":2,"minecraft:white_bed":14,"minecraft:mossy_cobblestone":15,"minecraft:spruce_door":4,"minecraft:grass_block":7,"minecraft:stone_brick_wall":13,"minecraft:chest":4,"minecraft:moss_block":11,"minecraft:furnace":3,"cfm:oak_table":12,"minecraft:wheat":14,"minecraft:grass":20,"minecraft:oak_log":61,"cfm:oak_coffee_table":5,"minecraft:dirt_path":16,"minecraft:lantern":1,"minecraft:dirt":1,"minecraft:gray_carpet":58,"cfm:white_sofa":12,"minecraft:stone":28,"minecraft:fern":31,"cfm:oak_cabinet":7},"minecraft:dropped":{"minecraft:bread":1,"minecraft:wheat_seeds":4,"minecraft:oak_planks":5,"minecraft:glass":15},"minecraft:custom":{"minecraft:interact_with_furnace":17,"minecraft:interact_with_crafting_table":32,"minecraft:open_barrel":4,"minecraft:time_since_death":52016,"minecraft:climb_one_cm":386,"minecraft:time_since_rest":52016,"minecraft:sprint_one_cm":112060,"minecraft:damage_taken":130,"minecraft:walk_one_cm":221984,"minecraft:drop":7,"minecraft:swim_one_cm":975,"minecraft:fly_one_cm":15429,"minecraft:open_chest":74,"minecraft:crouch_one_cm":1908,"minecraft:play_time":52016,"minecraft:sneak_time":383,"minecraft:walk_under_water_one_cm":100,"minecraft:jump":133,"minecraft:walk_on_water_one_cm":424,"minecraft:total_world_time":52016,"minecraft:fall_one_cm":4359},"minecraft:broken":{"minecraft:wooden_axe":1},"minecraft:used":{"minecraft:moss_block":1,"minecraft:wheat_seeds":14,"minecraft:water_bucket":7,"minecraft:spruce_door":3,"minecraft:stone_pickaxe":38,"minecraft:gray_carpet":2,"farmersdelight:cabbage_seeds":1,"minecraft:oak_planks":51,"minecraft:chest":5,"minecraft:wooden_pickaxe":22,"cfm:oak_coffee_table":5,"cfm:oak_cabinet":12,"minecraft:dirt":1,"vampirism:coffin_white":2,"minecraft:crafting_table":2,"minecraft:white_bed":7,"minecraft:stone_brick_wall":23,"minecraft:fern":1,"biomesoplenty:maple_sapling":16,"cfm:oak_chair":4,"cfm:oak_table":14,"minecraft:wooden_axe":93,"minecraft:wooden_hoe":32,"minecraft:apple":2,"cfm:white_sofa":16,"minecraft:lantern":2,"minecraft:bread":6,"minecraft:spruce_sapling":4,"minecraft:sweet_berries":12,"minecraft:furnace":9,"minecraft:bucket":6},"minecraft:picked_up":{"minecraft:charcoal":27,"minecraft:wheat":4,"cfm:oak_cabinet":7,"minecraft:leather":3,"cfm:oak_table":12,"minecraft:potato":8,"minecraft:stone_brick_wall":22,"minecraft:oak_log":64,"minecraft:dirt":31,"minecraft:lantern":2,"minecraft:glass":15,"minecraft:apple":2,"minecraft:gray_carpet":57,"minecraft:wheat_seeds":34,"minecraft:spruce_planks":2,"minecraft:moss_block":11,"minecraft:chest":4,"farmersdelight:cabbage_seeds":1,"minecraft:furnace":6,"cfm:white_sofa":12,"minecraft:stick":14,"cfm:oak_coffee_table":5,"minecraft:sweet_berries":3,"vampirism:vampire_fang":1,"minecraft:white_bed":14,"minecraft:spruce_door":4,"minecraft:mossy_cobblestone":15,"minecraft:stone_sword":1,"biomesoplenty:maple_sapling":17,"minecraft:gray_wool":2,"minecraft:bread":14,"minecraft:baked_potato":48,"minecraft:white_wool":12,"minecraft:cobblestone":37},"minecraft:crafted":{"minecraft:oak_planks":152,"cfm:oak_coffee_table":8,"cfm:oak_cabinet":6,"minecraft:crafting_table":2,"minecraft:wooden_pickaxe":1,"minecraft:furnace":4,"minecraft:bread":1,"minecraft:oak_fence_gate":2,"cfm:white_sofa":4,"minecraft:wooden_hoe":1,"minecraft:stick":16,"vampirism:coffin_white":2,"minecraft:stone_pickaxe":1,"minecraft:wooden_axe":2,"minecraft:chest":1,"cfm:oak_table":8,"cfm:oak_chair":4,"minecraft:oak_fence":15}},"DataVersion":3465}