{"stats":{"minecraft:dropped":{"minecraft:bread":1,"minecraft:wheat_seeds":11,"minecraft:oak_log":1,"minecraft:glass_bottle":2,"minecraft:iron_helmet":2,"minecraft:cobblestone":8,"minecraft:leather":2,"minecraft:stick":2,"evilcraft:blood_extractor":2,"minecraft:ink_sac":2,"minecraft:seagrass":2,"tombstone:grave_dust":1,"minecraft:iron_leggings":2,"minecraft:string":2,"vampirism:holy_water_bottle_normal":1,"minecraft:smooth_stone_slab":2,"tombstone:gift":1,"minecraft:rotten_flesh":15,"vampirism:blood_bottle":1,"minecraft:oak_planks":5,"minecraft:iron_boots":2,"evilcraft:poison_sac":1,"minecraft:totem_of_undying":2,"evilcraft:flesh_humanoid":3,"minecraft:pumpkin_seeds":7,"minecraft:iron_chestplate":2,"minecraft:spider_eye":1,"minecraft:stone_bricks":1,"minecraft:glass":15,"minecraft:beef":4,"mca:matchmakers_ring":2},"minecraft:picked_up":{"minecraft:mud":1,"minecraft:seagrass":4,"minecraft:charcoal":27,"minecraft:iron_chestplate":3,"minecraft:wheat":10,"minecraft:clay_ball":5,"minecraft:anvil":1,"minecraft:oak_stairs":6,"minecraft:stone_brick_wall":91,"biomesoplenty:violet":4,"minecraft:stone_brick_stairs":7,"vampirism:holy_water_bottle_normal":1,"minecraft:oak_trapdoor":2,"minecraft:string":8,"minecraft:stone_stairs":6,"evilcraft:poison_sac":1,"minecraft:smooth_stone_slab":5,"minecraft:iron_leggings":3,"minecraft:item_frame":1,"aquaculture:bluegill":1,"minecraft:spruce_planks":2,"minecraft:beef":21,"minecraft:oak_boat":5,"minecraft:poppy":2,"minecraft:sugar_cane":12,"minecraft:chest":4,"evilcraft:blood_extractor":4,"minecraft:furnace":6,"farmersdelight:cabbage_seeds":1,"minecraft:iron_boots":3,"minecraft:egg":2,"cfm:white_sofa":12,"minecraft:stick":93,"minecraft:oak_fence":34,"minecraft:torch":1,"aquaculture:perch":9,"minecraft:porkchop":6,"tombstone:grave_dust":4,"vampirism:vampire_fang":2,"minecraft:stone_sword":1,"minecraft:arrow":13,"minecraft:rotten_flesh":29,"aquaculture:brown_trout":2,"minecraft:totem_of_undying":3,"minecraft:obsidian":24,"minecraft:mutton":21,"minecraft:white_wool":27,"minecraft:cobblestone":725,"vampirism:med_chair":1,"cfm:oak_cabinet":8,"minecraft:andesite":33,"minecraft:leather":11,"biomesoplenty:glowshroom":1,"cfm:oak_table":12,"minecraft:red_mushroom":1,"minecraft:potato":8,"minecraft:oak_log":388,"evilcraft:flesh_humanoid":1,"minecraft:lapis_lazuli":9,"minecraft:dirt":807,"minecraft:lantern":2,"tombstone:gift":1,"biomesoplenty:glowing_moss_carpet":6,"minecraft:glass":15,"minecraft:bone":6,"minecraft:stone_bricks":9,"minecraft:apple":13,"minecraft:gray_carpet":60,"minecraft:bow":1,"minecraft:wheat_seeds":81,"minecraft:oak_fence_gate":2,"minecraft:stone_pickaxe":1,"aquaculture:minnow":3,"minecraft:glass_bottle":2,"minecraft:moss_block":16,"minecraft:oak_planks":37,"minecraft:book":116,"aquaculture:smallmouth_bass":1,"cfm:oak_coffee_table":7,"mca:matchmakers_ring":3,"minecraft:sweet_berries":3,"minecraft:dark_oak_log":2,"minecraft:dandelion":1,"minecraft:gravel":2,"minecraft:sand":76,"minecraft:spruce_sapling":6,"minecraft:ink_sac":2,"minecraft:white_bed":18,"minecraft:spruce_log":14,"minecraft:spruce_door":6,"minecraft:spider_eye":1,"minecraft:mossy_cobblestone":15,"aquaculture:turtle_soup":1,"minecraft:pumpkin_seeds":9,"biomesoplenty:maple_sapling":147,"minecraft:iron_helmet":3,"minecraft:painting":6,"minecraft:gray_wool":2,"minecraft:bread":14,"minecraft:baked_potato":48,"tombstone:magic_scroll":1,"minecraft:coal":7,"vampirism:coffin_white":2},"minecraft:killed":{"aquaculture:bluegill":1,"minecraft:spider":4,"aquaculture:smallmouth_bass":1,"minecraft:skeleton":6,"aquaculture:brown_trout":2,"aquaculture:perch":9,"minecraft:trader_llama":1,"aquaculture:minnow":3,"minecraft:goat":2,"minecraft:zombie":12,"evilcraft:poisonous_libelle":1,"mca:female_villager":1,"minecraft:enderman":1},"minecraft:broken":{"minecraft:iron_shovel":1,"minecraft:wooden_shovel":1,"minecraft:stone_pickaxe":2,"minecraft:iron_pickaxe":1,"minecraft:wooden_axe":2},"minecraft:killed_by":{"minecraft:player":2,"minecraft:zombie":1},"minecraft:custom":{"minecraft:mob_kills":46,"minecraft:animals_bred":5,"minecraft:interact_with_crafting_table":79,"vampirism:action_time_bat":4528,"minecraft:open_barrel":4,"minecraft:bell_ring":2,"minecraft:damage_dealt_resisted":13,"minecraft:leave_game":5,"minecraft:time_since_death":8126,"minecraft:climb_one_cm":2849,"minecraft:damage_resisted":66,"vampirism:amount_bitten":255,"minecraft:sprint_one_cm":1805376,"minecraft:walk_one_cm":1975989,"vampirism:interact_with_coffin":24,"minecraft:drop":81,"vampirism:action_time_regen":468,"vampirism:skills_unlocked":15,"minecraft:talked_to_villager":1,"minecraft:play_time":609673,"minecraft:deaths":6,"minecraft:sneak_time":10175,"minecraft:walk_under_water_one_cm":19649,"minecraft:boat_one_cm":215730,"minecraft:jump":5313,"minecraft:walk_on_water_one_cm":59540,"minecraft:total_world_time":609673,"vampirism:blood_drunk":20800,"vampirism:interact_with_injection_chair":9,"vampirism:altar_of_inspiration_rituals_performed":65,"minecraft:interact_with_furnace":151,"vampirism:interact_with_research_table":2,"vampirism:action_used_bat":9,"minecraft:sleep_in_bed":17,"vampirism:actions_used":11,"minecraft:time_since_rest":7722,"vampirism:action_used_regen":2,"minecraft:damage_taken":102524,"minecraft:damage_dealt":7009,"minecraft:player_kills":1,"minecraft:swim_one_cm":70510,"minecraft:fly_one_cm":872805,"minecraft:open_chest":412,"minecraft:crouch_one_cm":30418,"tombstone:undead_killed":18,"tombstone:villager_killed":1,"minecraft:fall_one_cm":135323,"minecraft:horse_one_cm":4749},"minecraft:mined":{"biomesoplenty:watergrass":5,"minecraft:spruce_planks":2,"biomesoplenty:glowshroom":1,"minecraft:white_bed":18,"minecraft:farmland":12,"minecraft:mossy_cobblestone":15,"minecraft:dark_oak_log":2,"minecraft:stone_brick_wall":80,"minecraft:grass_block":189,"minecraft:spruce_leaves":1,"minecraft:moss_block":15,"minecraft:red_mushroom":1,"minecraft:large_fern":5,"minecraft:oak_trapdoor":2,"minecraft:spruce_sapling":2,"minecraft:furnace":3,"cfm:oak_table":12,"biomesoplenty:violet":4,"minecraft:andesite":33,"minecraft:anvil":1,"minecraft:dirt_path":16,"minecraft:oak_stairs":6,"minecraft:lantern":1,"cfm:white_sofa":12,"minecraft:stone":702,"minecraft:white_wool":15,"cfm:oak_cabinet":8,"minecraft:podzol":8,"minecraft:glass_pane":1,"minecraft:dandelion":1,"minecraft:spruce_door":6,"minecraft:oak_fence":34,"minecraft:poppy":2,"minecraft:chest":4,"vampirism:coffin_white":3,"minecraft:cobblestone":1,"biomesoplenty:sprout":4,"minecraft:lapis_ore":1,"minecraft:oak_planks":37,"minecraft:seagrass":1,"minecraft:stone_stairs":6,"minecraft:mud":1,"minecraft:wheat":22,"vampirism:med_chair":1,"biomesoplenty:maple_sapling":2,"minecraft:spruce_log":16,"biomesoplenty:maple_leaves":5,"minecraft:stone_brick_stairs":7,"minecraft:potted_poppy":1,"minecraft:smooth_stone_slab":2,"minecraft:grass":94,"minecraft:coal_ore":7,"minecraft:oak_log":287,"cfm:oak_coffee_table":7,"evilcraft:blood_stain":1,"minecraft:oak_fence_gate":2,"minecraft:gravel":2,"minecraft:sand":78,"minecraft:dirt":534,"minecraft:gray_carpet":60,"minecraft:stone_bricks":9,"minecraft:oak_leaves":2,"minecraft:fern":124},"minecraft:crafted":{"minecraft:oak_door":3,"minecraft:oak_planks":1404,"cfm:oak_coffee_table":8,"minecraft:furnace":4,"minecraft:stone":475,"minecraft:stone_stairs":24,"minecraft:cooked_mutton":10,"minecraft:oak_trapdoor":2,"minecraft:glass":63,"cfm:white_sofa":6,"minecraft:iron_axe":2,"minecraft:stone_pickaxe":2,"cfm:oak_table":8,"minecraft:chest":18,"minecraft:dark_oak_planks":8,"minecraft:oak_fence":72,"mca:matchmakers_ring":6,"minecraft:cooked_beef":9,"minecraft:cooked_cod":8,"minecraft:wooden_shovel":3,"minecraft:cooked_porkchop":5,"cfm:oak_cabinet":6,"minecraft:crafting_table":4,"minecraft:spruce_planks":156,"minecraft:wooden_pickaxe":1,"minecraft:baked_potato":12,"minecraft:iron_sword":1,"minecraft:bread":1,"minecraft:air":0,"minecraft:oak_fence_gate":3,"minecraft:oak_boat":1,"minecraft:wooden_hoe":1,"minecraft:charcoal":7,"minecraft:golden_apple":2,"minecraft:stick":80,"vampirism:coffin_white":4,"minecraft:iron_ingot":5,"minecraft:iron_pickaxe":3,"minecraft:oak_stairs":20,"minecraft:wooden_axe":2,"minecraft:iron_shovel":4,"cfm:oak_chair":4},"minecraft:used":{"minecraft:oak_fence":73,"minecraft:oak_trapdoor":2,"minecraft:moss_block":4,"minecraft:stone_sword":55,"minecraft:iron_shovel":726,"farmersdelight:cabbage_seeds":1,"minecraft:chest":22,"biomesoplenty:glowshroom":1,"minecraft:stone":367,"minecraft:iron_sword":89,"minecraft:wooden_shovel":101,"minecraft:rotten_flesh":1,"minecraft:iron_chestplate":1,"minecraft:dirt":302,"minecraft:anvil":1,"vampirism:coffin_white":6,"minecraft:stone_stairs":25,"minecraft:oak_fence_gate":3,"biomesoplenty:maple_sapling":111,"minecraft:fern":1,"minecraft:glass":62,"minecraft:wooden_axe":139,"cfm:oak_table":14,"minecraft:lantern":2,"minecraft:iron_axe":349,"minecraft:oak_stairs":20,"minecraft:iron_helmet":1,"minecraft:iron_boots":1,"minecraft:stone_brick_stairs":7,"minecraft:item_frame":1,"evilcraft:flesh_humanoid":1,"minecraft:stone_bricks":6,"minecraft:sweet_berries":12,"minecraft:furnace":9,"minecraft:cooked_cod":8,"tombstone:gift":4,"minecraft:egg":2,"minecraft:cooked_beef":9,"minecraft:iron_leggings":1,"minecraft:wheat_seeds":59,"minecraft:cooked_mutton":19,"minecraft:water_bucket":27,"minecraft:spruce_door":6,"aquaculture:turtle_soup":1,"minecraft:stone_pickaxe":263,"minecraft:gray_carpet":19,"minecraft:baked_potato":24,"minecraft:oak_planks":501,"minecraft:wooden_pickaxe":23,"cfm:oak_coffee_table":9,"cfm:oak_cabinet":13,"minecraft:crafting_table":4,"minecraft:painting":6,"minecraft:red_mushroom":1,"minecraft:white_bed":13,"minecraft:stone_brick_wall":81,"cfm:oak_chair":4,"minecraft:wooden_hoe":70,"minecraft:apple":3,"minecraft:iron_pickaxe":588,"biomesoplenty:glowing_moss_carpet":6,"cfm:white_sofa":18,"minecraft:gravel":1,"minecraft:bread":14,"minecraft:spruce_sapling":8,"minecraft:cobblestone":4,"minecraft:cooked_porkchop":5,"minecraft:bucket":26,"vampirism:med_chair":1,"minecraft:oak_boat":5}},"DataVersion":3465}