{"stats":{"minecraft:mined":{"minecraft:podzol":7,"minecraft:spruce_planks":2,"minecraft:white_bed":7,"minecraft:mossy_cobblestone":15,"minecraft:spruce_door":4,"minecraft:grass_block":3,"minecraft:chest":4,"minecraft:moss_block":10,"minecraft:furnace":2,"cfm:oak_table":8,"minecraft:wheat":3,"minecraft:grass":2,"minecraft:oak_log":46,"minecraft:dirt_path":16,"minecraft:lantern":1,"minecraft:gray_carpet":58,"minecraft:fern":1,"cfm:oak_cabinet":7},"minecraft:dropped":{"minecraft:wheat_seeds":4,"minecraft:oak_planks":5},"minecraft:custom":{"minecraft:interact_with_furnace":11,"minecraft:interact_with_crafting_table":15,"minecraft:open_barrel":2,"minecraft:time_since_death":28016,"minecraft:climb_one_cm":386,"minecraft:time_since_rest":28016,"minecraft:sprint_one_cm":55207,"minecraft:damage_taken":100,"minecraft:walk_one_cm":130232,"minecraft:drop":5,"minecraft:fly_one_cm":5275,"minecraft:open_chest":32,"minecraft:crouch_one_cm":1282,"minecraft:play_time":28016,"minecraft:sneak_time":205,"minecraft:jump":70,"minecraft:walk_on_water_one_cm":152,"minecraft:total_world_time":28016,"minecraft:fall_one_cm":1804},"minecraft:used":{"minecraft:wheat_seeds":1,"minecraft:spruce_door":3,"minecraft:gray_carpet":2,"farmersdelight:cabbage_seeds":1,"minecraft:oak_planks":51,"minecraft:chest":5,"minecraft:wooden_pickaxe":18,"cfm:oak_cabinet":12,"minecraft:crafting_table":2,"minecraft:white_bed":7,"minecraft:fern":1,"biomesoplenty:maple_sapling":12,"cfm:oak_chair":4,"cfm:oak_table":10,"minecraft:wooden_axe":67,"minecraft:apple":1,"minecraft:lantern":2,"minecraft:bread":4,"minecraft:spruce_sapling":4,"minecraft:sweet_berries":12,"minecraft:furnace":6},"minecraft:picked_up":{"minecraft:charcoal":15,"minecraft:wheat":3,"cfm:oak_cabinet":7,"cfm:oak_table":8,"minecraft:stone_brick_wall":9,"minecraft:oak_log":49,"minecraft:dirt":26,"minecraft:lantern":2,"minecraft:glass":15,"minecraft:apple":1,"minecraft:gray_carpet":57,"minecraft:wheat_seeds":12,"minecraft:spruce_planks":2,"minecraft:moss_block":10,"minecraft:chest":4,"farmersdelight:cabbage_seeds":1,"minecraft:furnace":5,"minecraft:stick":6,"minecraft:sweet_berries":3,"minecraft:white_bed":7,"minecraft:spruce_door":4,"minecraft:mossy_cobblestone":15,"minecraft:stone_sword":1,"biomesoplenty:maple_sapling":12,"minecraft:bread":13,"minecraft:cobblestone":9},"minecraft:crafted":{"minecraft:oak_planks":116,"cfm:oak_cabinet":6,"minecraft:crafting_table":2,"minecraft:wooden_pickaxe":1,"minecraft:furnace":1,"minecraft:bread":1,"minecraft:stick":4,"minecraft:wooden_axe":1,"minecraft:chest":1,"cfm:oak_table":8,"cfm:oak_chair":4}},"DataVersion":3465}