{"stats":{"minecraft:mined":{"minecraft:white_bed":14,"minecraft:spruce_planks":2,"minecraft:farmland":12,"minecraft:mossy_cobblestone":15,"minecraft:stone_brick_wall":34,"minecraft:grass_block":51,"minecraft:moss_block":11,"minecraft:large_fern":2,"minecraft:furnace":3,"cfm:oak_table":12,"minecraft:dirt_path":16,"minecraft:lantern":1,"cfm:white_sofa":12,"minecraft:stone":179,"cfm:oak_cabinet":7,"minecraft:podzol":7,"minecraft:spruce_door":6,"minecraft:oak_fence":4,"minecraft:chest":4,"vampirism:coffin_white":2,"minecraft:wheat":22,"vampirism:med_chair":1,"biomesoplenty:maple_leaves":1,"minecraft:potted_poppy":1,"minecraft:smooth_stone_slab":1,"minecraft:grass":26,"minecraft:oak_log":91,"cfm:oak_coffee_table":7,"minecraft:gravel":1,"minecraft:sand":22,"minecraft:dirt":36,"minecraft:gray_carpet":58,"minecraft:stone_bricks":1,"minecraft:fern":35},"minecraft:dropped":{"minecraft:bread":1,"minecraft:wheat_seeds":4,"vampirism:holy_water_bottle_normal":1,"minecraft:smooth_stone_slab":2,"tombstone:gift":1,"minecraft:oak_planks":5,"minecraft:stone_bricks":1,"minecraft:glass":15},"minecraft:killed":{"minecraft:spider":1,"minecraft:skeleton":3},"minecraft:custom":{"minecraft:mob_kills":4,"minecraft:animals_bred":3,"minecraft:interact_with_crafting_table":42,"minecraft:open_barrel":4,"minecraft:time_since_death":21475,"minecraft:climb_one_cm":386,"minecraft:sprint_one_cm":417044,"minecraft:walk_one_cm":413868,"vampirism:interact_with_coffin":2,"minecraft:drop":12,"minecraft:play_time":112016,"minecraft:deaths":1,"minecraft:sneak_time":718,"minecraft:walk_under_water_one_cm":1777,"minecraft:jump":1072,"minecraft:walk_on_water_one_cm":6871,"minecraft:total_world_time":112016,"vampirism:interact_with_injection_chair":3,"minecraft:interact_with_furnace":78,"minecraft:time_since_rest":20379,"minecraft:damage_taken":1120,"minecraft:damage_dealt":1180,"minecraft:swim_one_cm":4813,"minecraft:fly_one_cm":190412,"minecraft:open_chest":138,"minecraft:crouch_one_cm":2577,"tombstone:undead_killed":3,"minecraft:fall_one_cm":29296},"minecraft:broken":{"minecraft:wooden_shovel":1,"minecraft:stone_pickaxe":1,"minecraft:wooden_axe":2},"minecraft:used":{"minecraft:moss_block":1,"minecraft:oak_fence":21,"minecraft:stone_sword":31,"farmersdelight:cabbage_seeds":1,"minecraft:chest":5,"minecraft:stone":129,"minecraft:wooden_shovel":101,"minecraft:dirt":120,"vampirism:coffin_white":4,"minecraft:stone_stairs":4,"minecraft:oak_fence_gate":1,"biomesoplenty:maple_sapling":24,"minecraft:fern":1,"minecraft:glass":8,"minecraft:wooden_axe":139,"cfm:oak_table":14,"minecraft:lantern":2,"minecraft:sweet_berries":12,"minecraft:furnace":9,"minecraft:cooked_cod":2,"tombstone:gift":3,"minecraft:egg":1,"minecraft:cooked_beef":4,"minecraft:wheat_seeds":21,"minecraft:water_bucket":7,"minecraft:spruce_door":6,"minecraft:gray_carpet":2,"minecraft:stone_pickaxe":215,"minecraft:oak_planks":51,"minecraft:baked_potato":8,"minecraft:wooden_pickaxe":22,"cfm:oak_coffee_table":7,"cfm:oak_cabinet":12,"minecraft:crafting_table":3,"minecraft:white_bed":7,"minecraft:stone_brick_wall":48,"cfm:oak_chair":4,"minecraft:wooden_hoe":32,"minecraft:apple":2,"cfm:white_sofa":16,"minecraft:bread":8,"minecraft:spruce_sapling":4,"minecraft:cooked_porkchop":5,"minecraft:bucket":6},"minecraft:picked_up":{"minecraft:charcoal":27,"minecraft:wheat":10,"minecraft:clay_ball":5,"minecraft:stone_brick_wall":43,"vampirism:holy_water_bottle_normal":1,"minecraft:string":2,"minecraft:smooth_stone_slab":4,"minecraft:spruce_planks":2,"minecraft:beef":8,"minecraft:sugar_cane":12,"minecraft:chest":4,"minecraft:furnace":6,"farmersdelight:cabbage_seeds":1,"minecraft:egg":1,"cfm:white_sofa":12,"minecraft:stick":17,"minecraft:oak_fence":4,"minecraft:porkchop":5,"vampirism:vampire_fang":1,"minecraft:stone_sword":1,"minecraft:arrow":5,"minecraft:rotten_flesh":4,"minecraft:mutton":21,"minecraft:white_wool":12,"minecraft:cobblestone":188,"vampirism:med_chair":1,"cfm:oak_cabinet":7,"minecraft:leather":5,"cfm:oak_table":12,"minecraft:potato":8,"minecraft:oak_log":93,"minecraft:dirt":135,"minecraft:lantern":2,"tombstone:gift":1,"minecraft:glass":15,"minecraft:bone":1,"minecraft:gray_carpet":57,"minecraft:apple":3,"minecraft:stone_bricks":1,"minecraft:bow":1,"minecraft:wheat_seeds":47,"minecraft:moss_block":11,"cfm:oak_coffee_table":7,"minecraft:sweet_berries":3,"minecraft:gravel":1,"minecraft:sand":22,"minecraft:white_bed":14,"minecraft:spruce_door":6,"minecraft:mossy_cobblestone":15,"minecraft:pumpkin_seeds":2,"biomesoplenty:maple_sapling":27,"minecraft:gray_wool":2,"minecraft:bread":14,"minecraft:baked_potato":48,"vampirism:coffin_white":2},"minecraft:killed_by":{"minecraft:zombie":1},"minecraft:crafted":{"minecraft:oak_door":3,"minecraft:oak_planks":188,"cfm:oak_coffee_table":8,"minecraft:furnace":4,"minecraft:stone":138,"minecraft:stone_stairs":4,"minecraft:cooked_mutton":10,"minecraft:glass":9,"cfm:white_sofa":4,"minecraft:stone_pickaxe":2,"cfm:oak_table":8,"minecraft:chest":1,"minecraft:oak_fence":18,"minecraft:cooked_beef":8,"minecraft:cooked_cod":8,"minecraft:wooden_shovel":3,"minecraft:cooked_porkchop":5,"cfm:oak_cabinet":6,"minecraft:crafting_table":3,"minecraft:wooden_pickaxe":1,"minecraft:baked_potato":8,"minecraft:bread":1,"minecraft:air":0,"minecraft:oak_fence_gate":2,"minecraft:wooden_hoe":1,"minecraft:charcoal":7,"minecraft:stick":24,"minecraft:wooden_axe":2,"vampirism:coffin_white":2,"cfm:oak_chair":4}},"DataVersion":3465}