{"stats":{"minecraft:mined":{"minecraft:podzol":7,"minecraft:spruce_planks":2,"minecraft:white_bed":14,"minecraft:farmland":12,"minecraft:mossy_cobblestone":15,"minecraft:spruce_door":4,"minecraft:oak_fence":4,"minecraft:grass_block":39,"minecraft:stone_brick_wall":13,"minecraft:chest":4,"minecraft:moss_block":11,"minecraft:furnace":3,"cfm:oak_table":12,"minecraft:wheat":16,"minecraft:grass":24,"minecraft:oak_log":76,"cfm:oak_coffee_table":5,"minecraft:dirt_path":16,"minecraft:lantern":1,"minecraft:gravel":1,"minecraft:dirt":18,"minecraft:gray_carpet":58,"cfm:white_sofa":12,"minecraft:stone":106,"minecraft:fern":35,"cfm:oak_cabinet":7},"minecraft:dropped":{"minecraft:bread":1,"minecraft:wheat_seeds":4,"minecraft:oak_planks":5,"minecraft:glass":15},"minecraft:killed":{"minecraft:spider":1},"minecraft:custom":{"minecraft:interact_with_furnace":43,"minecraft:mob_kills":1,"minecraft:animals_bred":1,"minecraft:interact_with_crafting_table":35,"minecraft:open_barrel":4,"minecraft:time_since_death":76016,"minecraft:climb_one_cm":386,"minecraft:time_since_rest":76016,"minecraft:sprint_one_cm":227704,"minecraft:damage_taken":350,"minecraft:walk_one_cm":313716,"minecraft:drop":7,"minecraft:damage_dealt":210,"minecraft:swim_one_cm":975,"minecraft:fly_one_cm":66704,"minecraft:open_chest":95,"minecraft:crouch_one_cm":2316,"minecraft:play_time":76016,"minecraft:sneak_time":518,"minecraft:walk_under_water_one_cm":1205,"minecraft:jump":420,"minecraft:walk_on_water_one_cm":4025,"minecraft:total_world_time":76016,"minecraft:fall_one_cm":13188},"minecraft:broken":{"minecraft:wooden_shovel":1,"minecraft:wooden_axe":1},"minecraft:used":{"minecraft:oak_fence":21,"minecraft:moss_block":1,"minecraft:wheat_seeds":14,"minecraft:water_bucket":7,"minecraft:stone_sword":5,"minecraft:spruce_door":3,"minecraft:baked_potato":3,"minecraft:stone_pickaxe":116,"minecraft:gray_carpet":2,"farmersdelight:cabbage_seeds":1,"minecraft:oak_planks":51,"minecraft:chest":5,"minecraft:wooden_pickaxe":22,"minecraft:stone":72,"minecraft:wooden_shovel":62,"cfm:oak_coffee_table":5,"cfm:oak_cabinet":12,"minecraft:dirt":88,"vampirism:coffin_white":2,"minecraft:crafting_table":2,"minecraft:white_bed":7,"minecraft:stone_brick_wall":23,"minecraft:oak_fence_gate":1,"minecraft:fern":1,"biomesoplenty:maple_sapling":18,"cfm:oak_chair":4,"cfm:oak_table":14,"minecraft:wooden_axe":120,"minecraft:wooden_hoe":32,"minecraft:apple":2,"cfm:white_sofa":16,"minecraft:lantern":2,"minecraft:bread":8,"minecraft:spruce_sapling":4,"minecraft:sweet_berries":12,"minecraft:cooked_porkchop":1,"minecraft:furnace":9,"minecraft:cooked_cod":2,"minecraft:bucket":6,"minecraft:egg":1},"minecraft:picked_up":{"minecraft:charcoal":27,"minecraft:wheat":5,"cfm:oak_cabinet":7,"minecraft:leather":5,"cfm:oak_table":12,"minecraft:potato":8,"minecraft:stone_brick_wall":22,"minecraft:oak_log":79,"minecraft:string":2,"minecraft:dirt":92,"minecraft:lantern":2,"minecraft:glass":15,"minecraft:apple":3,"minecraft:gray_carpet":57,"minecraft:wheat_seeds":40,"minecraft:spruce_planks":2,"minecraft:beef":8,"minecraft:moss_block":11,"minecraft:sugar_cane":12,"minecraft:chest":4,"minecraft:egg":1,"farmersdelight:cabbage_seeds":1,"minecraft:furnace":6,"cfm:white_sofa":12,"minecraft:stick":17,"cfm:oak_coffee_table":5,"minecraft:sweet_berries":3,"minecraft:oak_fence":4,"minecraft:gravel":1,"minecraft:porkchop":5,"vampirism:vampire_fang":1,"minecraft:white_bed":14,"minecraft:spruce_door":4,"minecraft:mossy_cobblestone":15,"minecraft:stone_sword":1,"biomesoplenty:maple_sapling":21,"minecraft:gray_wool":2,"minecraft:bread":14,"minecraft:baked_potato":48,"minecraft:mutton":21,"minecraft:white_wool":12,"minecraft:cobblestone":115},"minecraft:crafted":{"minecraft:cooked_beef":8,"minecraft:cooked_cod":8,"minecraft:oak_planks":184,"minecraft:wooden_shovel":1,"minecraft:cooked_porkchop":5,"cfm:oak_coffee_table":8,"cfm:oak_cabinet":6,"minecraft:crafting_table":2,"minecraft:baked_potato":8,"minecraft:wooden_pickaxe":1,"minecraft:furnace":4,"minecraft:stone":72,"minecraft:cooked_mutton":10,"minecraft:air":0,"minecraft:bread":1,"minecraft:oak_fence_gate":2,"cfm:white_sofa":4,"minecraft:wooden_hoe":1,"minecraft:stick":16,"vampirism:coffin_white":2,"minecraft:stone_pickaxe":1,"minecraft:wooden_axe":2,"minecraft:chest":1,"cfm:oak_table":8,"cfm:oak_chair":4,"minecraft:oak_fence":18}},"DataVersion":3465}