{"stats":{"minecraft:crafted":{"minecraft:oak_door":3,"minecraft:oak_planks":304,"cfm:oak_coffee_table":8,"minecraft:furnace":4,"minecraft:stone":309,"minecraft:cooked_mutton":10,"minecraft:stone_stairs":24,"minecraft:glass":9,"cfm:white_sofa":6,"minecraft:iron_axe":1,"minecraft:stone_pickaxe":2,"cfm:oak_table":8,"minecraft:chest":18,"minecraft:oak_fence":72,"mca:matchmakers_ring":2,"minecraft:cooked_beef":9,"minecraft:cooked_cod":8,"minecraft:wooden_shovel":3,"minecraft:cooked_porkchop":5,"cfm:oak_cabinet":6,"minecraft:crafting_table":4,"minecraft:spruce_planks":56,"minecraft:wooden_pickaxe":1,"minecraft:baked_potato":12,"minecraft:iron_sword":1,"minecraft:bread":1,"minecraft:air":0,"minecraft:oak_fence_gate":2,"minecraft:oak_boat":1,"minecraft:wooden_hoe":1,"minecraft:charcoal":7,"minecraft:iron_ingot":5,"minecraft:stick":64,"vampirism:coffin_white":4,"minecraft:iron_pickaxe":1,"minecraft:wooden_axe":2,"minecraft:iron_shovel":1,"cfm:oak_chair":4},"minecraft:mined":{"biomesoplenty:watergrass":5,"biomesoplenty:glowshroom":1,"minecraft:spruce_planks":2,"minecraft:white_bed":16,"minecraft:farmland":12,"minecraft:mossy_cobblestone":15,"minecraft:grass_block":170,"minecraft:stone_brick_wall":80,"minecraft:moss_block":14,"minecraft:large_fern":5,"minecraft:spruce_sapling":2,"minecraft:furnace":3,"cfm:oak_table":12,"biomesoplenty:violet":4,"minecraft:dirt_path":16,"minecraft:lantern":1,"cfm:white_sofa":12,"minecraft:stone":409,"minecraft:white_wool":15,"cfm:oak_cabinet":8,"minecraft:podzol":7,"minecraft:dandelion":1,"minecraft:spruce_door":6,"minecraft:oak_fence":34,"minecraft:poppy":2,"minecraft:chest":4,"vampirism:coffin_white":3,"biomesoplenty:sprout":3,"minecraft:cobblestone":1,"minecraft:lapis_ore":1,"minecraft:oak_planks":11,"minecraft:stone_stairs":6,"minecraft:wheat":22,"biomesoplenty:maple_sapling":2,"vampirism:med_chair":1,"minecraft:spruce_log":16,"biomesoplenty:maple_leaves":5,"minecraft:stone_brick_stairs":7,"minecraft:potted_poppy":1,"minecraft:smooth_stone_slab":1,"minecraft:grass":88,"minecraft:oak_log":111,"cfm:oak_coffee_table":7,"evilcraft:blood_stain":1,"minecraft:oak_fence_gate":2,"minecraft:gravel":2,"minecraft:sand":78,"minecraft:dirt":110,"minecraft:gray_carpet":59,"minecraft:stone_bricks":7,"minecraft:fern":113},"minecraft:dropped":{"minecraft:bread":1,"minecraft:wheat_seeds":7,"minecraft:glass_bottle":2,"minecraft:cobblestone":8,"minecraft:stick":2,"evilcraft:blood_extractor":1,"minecraft:ink_sac":2,"minecraft:seagrass":2,"tombstone:grave_dust":1,"minecraft:string":2,"vampirism:holy_water_bottle_normal":1,"minecraft:smooth_stone_slab":2,"tombstone:gift":1,"minecraft:rotten_flesh":5,"minecraft:oak_planks":5,"vampirism:blood_bottle":1,"minecraft:totem_of_undying":2,"evilcraft:flesh_humanoid":2,"minecraft:pumpkin_seeds":7,"minecraft:stone_bricks":1,"minecraft:spider_eye":1,"minecraft:beef":3,"minecraft:glass":15,"mca:matchmakers_ring":2},"minecraft:used":{"minecraft:oak_fence":73,"minecraft:moss_block":4,"minecraft:stone_sword":55,"minecraft:iron_shovel":289,"farmersdelight:cabbage_seeds":1,"minecraft:chest":22,"biomesoplenty:glowshroom":1,"minecraft:stone":306,"minecraft:iron_sword":65,"minecraft:wooden_shovel":101,"minecraft:iron_chestplate":1,"minecraft:rotten_flesh":1,"minecraft:dirt":242,"vampirism:coffin_white":6,"minecraft:stone_stairs":25,"minecraft:oak_fence_gate":2,"biomesoplenty:maple_sapling":26,"minecraft:fern":1,"minecraft:glass":8,"minecraft:wooden_axe":139,"cfm:oak_table":14,"minecraft:lantern":2,"minecraft:iron_axe":89,"minecraft:iron_helmet":1,"minecraft:iron_boots":1,"evilcraft:flesh_humanoid":1,"minecraft:stone_brick_stairs":7,"minecraft:stone_bricks":6,"minecraft:item_frame":1,"minecraft:sweet_berries":12,"minecraft:furnace":9,"minecraft:cooked_cod":8,"tombstone:gift":4,"minecraft:egg":2,"minecraft:cooked_beef":9,"minecraft:iron_leggings":1,"minecraft:wheat_seeds":59,"minecraft:cooked_mutton":19,"minecraft:water_bucket":27,"minecraft:spruce_door":6,"minecraft:stone_pickaxe":263,"minecraft:gray_carpet":18,"minecraft:baked_potato":24,"minecraft:oak_planks":51,"minecraft:wooden_pickaxe":23,"cfm:oak_coffee_table":9,"cfm:oak_cabinet":13,"minecraft:crafting_table":4,"minecraft:painting":6,"minecraft:white_bed":9,"minecraft:stone_brick_wall":81,"cfm:oak_chair":4,"minecraft:wooden_hoe":70,"minecraft:apple":3,"cfm:white_sofa":18,"minecraft:bread":14,"minecraft:iron_pickaxe":250,"biomesoplenty:glowing_moss_carpet":6,"minecraft:gravel":1,"minecraft:spruce_sapling":8,"minecraft:cobblestone":4,"minecraft:cooked_porkchop":5,"minecraft:bucket":26,"vampirism:med_chair":1,"minecraft:oak_boat":5},"minecraft:killed":{"minecraft:spider":3,"minecraft:skeleton":6,"aquaculture:brown_trout":1,"aquaculture:perch":3,"aquaculture:minnow":1,"minecraft:goat":2,"minecraft:zombie":6,"minecraft:enderman":1},"minecraft:broken":{"minecraft:wooden_shovel":1,"minecraft:stone_pickaxe":2,"minecraft:iron_pickaxe":1,"minecraft:wooden_axe":2},"minecraft:picked_up":{"minecraft:seagrass":4,"minecraft:charcoal":27,"minecraft:iron_chestplate":1,"minecraft:wheat":10,"minecraft:clay_ball":5,"minecraft:stone_brick_wall":91,"biomesoplenty:violet":4,"minecraft:stone_brick_stairs":7,"vampirism:holy_water_bottle_normal":1,"minecraft:string":5,"minecraft:item_frame":1,"minecraft:stone_stairs":6,"minecraft:iron_leggings":1,"minecraft:smooth_stone_slab":4,"minecraft:spruce_planks":2,"minecraft:beef":20,"minecraft:oak_boat":5,"minecraft:poppy":2,"minecraft:iron_boots":1,"minecraft:sugar_cane":12,"minecraft:chest":4,"evilcraft:blood_extractor":3,"minecraft:furnace":6,"farmersdelight:cabbage_seeds":1,"minecraft:egg":2,"cfm:white_sofa":12,"minecraft:stick":22,"minecraft:oak_fence":34,"minecraft:torch":1,"aquaculture:perch":3,"minecraft:porkchop":6,"tombstone:grave_dust":2,"vampirism:vampire_fang":2,"minecraft:stone_sword":1,"minecraft:arrow":11,"minecraft:rotten_flesh":17,"aquaculture:brown_trout":1,"minecraft:totem_of_undying":2,"minecraft:obsidian":20,"minecraft:mutton":21,"minecraft:white_wool":27,"minecraft:cobblestone":427,"vampirism:med_chair":1,"cfm:oak_cabinet":8,"minecraft:leather":9,"cfm:oak_table":12,"biomesoplenty:glowshroom":1,"minecraft:potato":8,"minecraft:oak_log":112,"evilcraft:flesh_humanoid":1,"minecraft:lapis_lazuli":9,"minecraft:dirt":362,"minecraft:lantern":2,"tombstone:gift":1,"biomesoplenty:glowing_moss_carpet":6,"minecraft:bone":5,"minecraft:glass":15,"minecraft:stone_bricks":7,"minecraft:apple":4,"minecraft:gray_carpet":59,"minecraft:bow":1,"minecraft:wheat_seeds":66,"minecraft:stone_pickaxe":1,"minecraft:oak_fence_gate":2,"minecraft:glass_bottle":2,"aquaculture:minnow":1,"minecraft:moss_block":15,"minecraft:oak_planks":11,"minecraft:book":116,"cfm:oak_coffee_table":7,"mca:matchmakers_ring":3,"minecraft:sweet_berries":3,"minecraft:dandelion":1,"minecraft:gravel":2,"minecraft:sand":76,"minecraft:spruce_sapling":6,"minecraft:ink_sac":2,"minecraft:white_bed":16,"minecraft:spruce_log":14,"minecraft:spruce_door":6,"minecraft:spider_eye":1,"minecraft:mossy_cobblestone":15,"biomesoplenty:maple_sapling":31,"minecraft:pumpkin_seeds":9,"minecraft:iron_helmet":1,"minecraft:painting":6,"minecraft:gray_wool":2,"minecraft:bread":14,"minecraft:baked_potato":48,"tombstone:magic_scroll":1,"vampirism:coffin_white":2},"minecraft:custom":{"minecraft:mob_kills":25,"minecraft:animals_bred":3,"minecraft:interact_with_crafting_table":65,"minecraft:open_barrel":4,"vampirism:action_time_bat":1973,"minecraft:bell_ring":2,"minecraft:damage_dealt_resisted":13,"minecraft:leave_game":3,"minecraft:time_since_death":71767,"minecraft:climb_one_cm":1516,"minecraft:damage_resisted":19,"vampirism:amount_bitten":160,"minecraft:sprint_one_cm":1256215,"minecraft:walk_one_cm":1262674,"vampirism:interact_with_coffin":15,"minecraft:drop":52,"vampirism:action_time_regen":69,"vampirism:skills_unlocked":11,"minecraft:talked_to_villager":1,"minecraft:play_time":420053,"minecraft:deaths":5,"minecraft:sneak_time":6318,"minecraft:walk_under_water_one_cm":8569,"minecraft:boat_one_cm":215730,"minecraft:jump":4316,"minecraft:walk_on_water_one_cm":50429,"minecraft:total_world_time":420053,"vampirism:blood_drunk":8100,"vampirism:interact_with_injection_chair":9,"vampirism:altar_of_inspiration_rituals_performed":65,"minecraft:interact_with_furnace":126,"vampirism:interact_with_research_table":2,"vampirism:action_used_bat":6,"minecraft:sleep_in_bed":7,"vampirism:actions_used":7,"minecraft:time_since_rest":7247,"vampirism:action_used_regen":1,"minecraft:damage_taken":100893,"minecraft:damage_dealt":4789,"minecraft:player_kills":1,"minecraft:swim_one_cm":45559,"minecraft:fly_one_cm":675704,"minecraft:open_chest":350,"minecraft:crouch_one_cm":20001,"tombstone:undead_killed":12,"minecraft:fall_one_cm":105951,"minecraft:horse_one_cm":4741},"minecraft:killed_by":{"minecraft:player":2,"minecraft:zombie":1}},"DataVersion":3465}