{"stats":{"minecraft:mined":{"minecraft:wheat":1},"minecraft:dropped":{"minecraft:wheat_seeds":2},"minecraft:custom":{"minecraft:jump":15,"minecraft:open_chest":1,"minecraft:time_since_rest":4016,"minecraft:crouch_one_cm":132,"minecraft:sprint_one_cm":7699,"minecraft:play_time":4016,"minecraft:damage_taken":60,"minecraft:time_since_death":4016,"minecraft:walk_one_cm":7706,"minecraft:sneak_time":16,"minecraft:total_world_time":4016,"minecraft:drop":2,"minecraft:fly_one_cm":1710},"minecraft:used":{"minecraft:spruce_sapling":4,"minecraft:fern":1},"minecraft:picked_up":{"minecraft:wheat_seeds":2}},"DataVersion":3465}