{"stats":{"minecraft:crafted":{"minecraft:oak_door":3,"minecraft:oak_planks":228,"cfm:oak_coffee_table":8,"minecraft:furnace":4,"minecraft:stone":152,"minecraft:cooked_mutton":10,"minecraft:stone_stairs":4,"minecraft:glass":9,"cfm:white_sofa":6,"minecraft:iron_axe":1,"minecraft:stone_pickaxe":2,"cfm:oak_table":8,"minecraft:chest":6,"minecraft:oak_fence":36,"minecraft:cooked_beef":9,"minecraft:cooked_cod":8,"minecraft:wooden_shovel":3,"minecraft:cooked_porkchop":5,"cfm:oak_cabinet":6,"minecraft:crafting_table":3,"minecraft:wooden_pickaxe":1,"minecraft:baked_potato":8,"minecraft:iron_sword":1,"minecraft:bread":1,"minecraft:air":0,"minecraft:oak_fence_gate":2,"minecraft:wooden_hoe":1,"minecraft:charcoal":7,"minecraft:stick":36,"minecraft:iron_pickaxe":1,"vampirism:coffin_white":2,"minecraft:wooden_axe":2,"cfm:oak_chair":4},"minecraft:mined":{"biomesoplenty:glowshroom":1,"minecraft:spruce_planks":2,"minecraft:white_bed":14,"minecraft:farmland":12,"minecraft:mossy_cobblestone":15,"minecraft:grass_block":61,"minecraft:stone_brick_wall":66,"minecraft:moss_block":14,"minecraft:large_fern":4,"minecraft:furnace":3,"cfm:oak_table":12,"minecraft:dirt_path":16,"minecraft:lantern":1,"cfm:white_sofa":12,"minecraft:stone":182,"minecraft:white_wool":15,"cfm:oak_cabinet":7,"minecraft:podzol":7,"minecraft:spruce_door":6,"minecraft:oak_fence":21,"minecraft:chest":4,"vampirism:coffin_white":3,"minecraft:cobblestone":1,"minecraft:wheat":22,"vampirism:med_chair":1,"biomesoplenty:maple_leaves":1,"minecraft:potted_poppy":1,"minecraft:stone_brick_stairs":7,"minecraft:smooth_stone_slab":1,"minecraft:grass":30,"minecraft:oak_log":91,"cfm:oak_coffee_table":7,"minecraft:oak_fence_gate":1,"minecraft:gravel":2,"minecraft:sand":22,"minecraft:dirt":38,"minecraft:gray_carpet":59,"minecraft:stone_bricks":7,"minecraft:fern":43},"minecraft:dropped":{"minecraft:bread":1,"minecraft:wheat_seeds":6,"minecraft:stick":2,"minecraft:ink_sac":2,"vampirism:holy_water_bottle_normal":1,"minecraft:smooth_stone_slab":2,"tombstone:gift":1,"minecraft:rotten_flesh":4,"minecraft:oak_planks":5,"vampirism:blood_bottle":1,"minecraft:totem_of_undying":2,"evilcraft:flesh_humanoid":2,"minecraft:pumpkin_seeds":7,"minecraft:stone_bricks":1,"minecraft:glass":15,"mca:matchmakers_ring":1},"minecraft:used":{"minecraft:oak_fence":48,"minecraft:moss_block":4,"minecraft:stone_sword":55,"farmersdelight:cabbage_seeds":1,"minecraft:chest":10,"biomesoplenty:glowshroom":1,"minecraft:stone":132,"minecraft:iron_sword":12,"minecraft:wooden_shovel":101,"minecraft:dirt":128,"vampirism:coffin_white":4,"minecraft:stone_stairs":4,"minecraft:oak_fence_gate":2,"biomesoplenty:maple_sapling":24,"minecraft:fern":1,"minecraft:glass":8,"minecraft:wooden_axe":139,"cfm:oak_table":14,"minecraft:lantern":2,"minecraft:iron_axe":20,"evilcraft:flesh_humanoid":1,"minecraft:stone_brick_stairs":7,"minecraft:stone_bricks":6,"minecraft:sweet_berries":12,"minecraft:furnace":9,"minecraft:cooked_cod":2,"tombstone:gift":3,"minecraft:egg":2,"minecraft:cooked_beef":9,"minecraft:wheat_seeds":21,"minecraft:cooked_mutton":19,"minecraft:water_bucket":7,"minecraft:spruce_door":6,"minecraft:stone_pickaxe":263,"minecraft:gray_carpet":3,"minecraft:baked_potato":8,"minecraft:oak_planks":51,"minecraft:wooden_pickaxe":23,"cfm:oak_coffee_table":9,"cfm:oak_cabinet":12,"minecraft:crafting_table":3,"minecraft:white_bed":7,"minecraft:painting":6,"minecraft:stone_brick_wall":81,"cfm:oak_chair":4,"minecraft:wooden_hoe":32,"minecraft:apple":2,"cfm:white_sofa":18,"minecraft:bread":10,"minecraft:gravel":1,"minecraft:spruce_sapling":4,"minecraft:cobblestone":4,"minecraft:cooked_porkchop":5,"minecraft:bucket":6,"vampirism:med_chair":1},"minecraft:killed":{"minecraft:spider":1,"minecraft:skeleton":6,"aquaculture:brown_trout":1,"aquaculture:perch":3,"aquaculture:minnow":1,"minecraft:zombie":2},"minecraft:broken":{"minecraft:wooden_shovel":1,"minecraft:stone_pickaxe":2,"minecraft:wooden_axe":2},"minecraft:picked_up":{"minecraft:charcoal":27,"minecraft:wheat":10,"minecraft:clay_ball":5,"minecraft:stone_brick_wall":75,"minecraft:stone_brick_stairs":7,"vampirism:holy_water_bottle_normal":1,"minecraft:string":2,"minecraft:smooth_stone_slab":4,"minecraft:spruce_planks":2,"minecraft:beef":11,"minecraft:sugar_cane":12,"minecraft:chest":4,"farmersdelight:cabbage_seeds":1,"minecraft:egg":2,"minecraft:furnace":6,"cfm:white_sofa":12,"minecraft:stick":19,"minecraft:oak_fence":21,"aquaculture:perch":3,"minecraft:porkchop":6,"vampirism:vampire_fang":1,"minecraft:stone_sword":1,"minecraft:arrow":11,"minecraft:rotten_flesh":10,"aquaculture:brown_trout":1,"minecraft:totem_of_undying":2,"minecraft:mutton":21,"minecraft:white_wool":27,"minecraft:cobblestone":192,"vampirism:med_chair":1,"cfm:oak_cabinet":7,"minecraft:leather":7,"biomesoplenty:glowshroom":1,"cfm:oak_table":12,"minecraft:potato":8,"minecraft:oak_log":93,"evilcraft:flesh_humanoid":1,"minecraft:dirt":147,"minecraft:lantern":2,"tombstone:gift":1,"minecraft:bone":5,"minecraft:glass":15,"minecraft:gray_carpet":58,"minecraft:apple":3,"minecraft:stone_bricks":7,"minecraft:bow":1,"minecraft:wheat_seeds":49,"minecraft:oak_fence_gate":1,"aquaculture:minnow":1,"minecraft:moss_block":14,"minecraft:book":116,"cfm:oak_coffee_table":7,"minecraft:sweet_berries":3,"mca:matchmakers_ring":2,"minecraft:gravel":2,"minecraft:sand":22,"minecraft:ink_sac":2,"minecraft:white_bed":14,"minecraft:mossy_cobblestone":15,"minecraft:spruce_door":6,"biomesoplenty:maple_sapling":27,"minecraft:pumpkin_seeds":9,"minecraft:painting":6,"minecraft:gray_wool":2,"minecraft:bread":14,"minecraft:baked_potato":48,"tombstone:magic_scroll":1,"vampirism:coffin_white":2},"minecraft:custom":{"minecraft:mob_kills":14,"minecraft:animals_bred":3,"minecraft:interact_with_crafting_table":49,"minecraft:open_barrel":4,"minecraft:bell_ring":2,"minecraft:damage_dealt_resisted":13,"minecraft:leave_game":1,"minecraft:time_since_death":91171,"minecraft:climb_one_cm":580,"minecraft:sprint_one_cm":732763,"minecraft:walk_one_cm":690795,"vampirism:interact_with_coffin":3,"minecraft:drop":33,"minecraft:play_time":245836,"minecraft:deaths":3,"minecraft:sneak_time":2487,"minecraft:walk_under_water_one_cm":6251,"minecraft:jump":2189,"minecraft:walk_on_water_one_cm":21372,"minecraft:total_world_time":245836,"vampirism:interact_with_injection_chair":9,"minecraft:interact_with_furnace":88,"minecraft:time_since_rest":90786,"minecraft:damage_taken":2763,"minecraft:damage_dealt":2647,"minecraft:swim_one_cm":28422,"minecraft:fly_one_cm":415131,"minecraft:player_kills":1,"minecraft:open_chest":209,"minecraft:crouch_one_cm":5737,"tombstone:undead_killed":8,"minecraft:fall_one_cm":66513,"minecraft:horse_one_cm":4734},"minecraft:killed_by":{"minecraft:player":1,"minecraft:zombie":1}},"DataVersion":3465}