{"stats":{"minecraft:mined":{"minecraft:podzol":2,"minecraft:spruce_planks":2,"minecraft:white_bed":7,"minecraft:mossy_cobblestone":1,"minecraft:wheat":3,"minecraft:spruce_door":4,"minecraft:grass":1,"minecraft:grass_block":1,"minecraft:oak_log":19,"minecraft:dirt_path":1,"minecraft:chest":4,"minecraft:gray_carpet":58},"minecraft:dropped":{"minecraft:wheat_seeds":4,"minecraft:oak_planks":5},"minecraft:custom":{"minecraft:time_since_rest":16016,"minecraft:interact_with_furnace":2,"minecraft:sprint_one_cm":40970,"minecraft:damage_taken":100,"minecraft:walk_one_cm":74021,"minecraft:drop":5,"minecraft:interact_with_crafting_table":9,"minecraft:fly_one_cm":3214,"minecraft:open_chest":25,"minecraft:crouch_one_cm":946,"minecraft:play_time":16016,"minecraft:sneak_time":157,"minecraft:jump":30,"minecraft:walk_on_water_one_cm":34,"minecraft:time_since_death":16016,"minecraft:climb_one_cm":386,"minecraft:total_world_time":16016,"minecraft:fall_one_cm":906},"minecraft:used":{"minecraft:wheat_seeds":1,"minecraft:wooden_axe":19,"minecraft:spruce_door":3,"minecraft:bread":1,"minecraft:gray_carpet":2,"farmersdelight:cabbage_seeds":1,"minecraft:chest":5,"minecraft:wooden_pickaxe":1,"minecraft:spruce_sapling":4,"minecraft:sweet_berries":12,"minecraft:crafting_table":2,"minecraft:furnace":3,"minecraft:white_bed":7,"biomesoplenty:maple_sapling":2,"minecraft:fern":1},"minecraft:picked_up":{"minecraft:stick":3,"minecraft:wheat":3,"minecraft:sweet_berries":3,"minecraft:stone_brick_wall":9,"minecraft:oak_log":22,"minecraft:white_bed":7,"minecraft:spruce_door":4,"minecraft:dirt":4,"minecraft:mossy_cobblestone":1,"biomesoplenty:maple_sapling":2,"minecraft:stone_sword":1,"minecraft:gray_carpet":57,"minecraft:wheat_seeds":12,"minecraft:spruce_planks":2,"minecraft:chest":4,"farmersdelight:cabbage_seeds":1,"minecraft:cobblestone":9,"minecraft:furnace":2},"minecraft:crafted":{"minecraft:oak_planks":88,"minecraft:crafting_table":2,"minecraft:stick":4,"minecraft:wooden_pickaxe":1,"minecraft:wooden_axe":1,"minecraft:chest":1,"minecraft:furnace":1,"minecraft:bread":1}},"DataVersion":3465}