{"stats":{"minecraft:killed_by":{"minecraft:zombie":1,"minecraft:player":2},"minecraft:used":{"minecraft:moss_block":4,"minecraft:iron_shovel":740,"farmersdelight:cabbage_seeds":1,"minecraft:chest":22,"minecraft:stone":426,"minecraft:iron_sword":89,"minecraft:rotten_flesh":1,"minecraft:iron_chestplate":1,"vampirism:coffin_white":6,"minecraft:obsidian":26,"minecraft:glass":215,"minecraft:lantern":2,"minecraft:iron_helmet":1,"minecraft:stone_brick_stairs":7,"minecraft:stone_bricks":6,"minecraft:item_frame":1,"minecraft:sweet_berries":12,"minecraft:furnace":9,"minecraft:cooked_cod":8,"minecraft:egg":2,"minecraft:spruce_door":10,"aquaculture:turtle_soup":2,"minecraft:gray_carpet":19,"minecraft:stone_pickaxe":263,"minecraft:oak_planks":961,"minecraft:wooden_pickaxe":23,"minecraft:stone_brick_wall":81,"cfm:oak_chair":4,"minecraft:bread":14,"minecraft:gravel":1,"biomesoplenty:glowing_moss_carpet":6,"vampirism:med_chair":1,"minecraft:oak_boat":5,"minecraft:oak_trapdoor":2,"minecraft:oak_fence":73,"minecraft:enchanting_table":7,"minecraft:stone_sword":55,"minecraft:flint_and_steel":5,"minecraft:spruce_planks":136,"biomesoplenty:glowshroom":1,"minecraft:wooden_shovel":101,"minecraft:dirt":403,"minecraft:anvil":1,"minecraft:spruce_stairs":14,"minecraft:stone_stairs":25,"minecraft:oak_fence_gate":3,"minecraft:fern":1,"biomesoplenty:maple_sapling":137,"cfm:oak_table":14,"minecraft:wooden_axe":139,"minecraft:bookshelf":104,"minecraft:iron_axe":502,"minecraft:oak_stairs":85,"minecraft:iron_boots":1,"evilcraft:flesh_humanoid":1,"tombstone:gift":4,"minecraft:cooked_beef":9,"minecraft:iron_leggings":1,"minecraft:wheat_seeds":59,"minecraft:cooked_mutton":19,"minecraft:water_bucket":27,"minecraft:baked_potato":24,"cfm:oak_coffee_table":9,"cfm:oak_cabinet":13,"minecraft:oak_slab":126,"minecraft:crafting_table":4,"minecraft:red_mushroom":1,"minecraft:white_bed":13,"minecraft:painting":6,"minecraft:wooden_hoe":70,"minecraft:apple":3,"cfm:white_sofa":18,"minecraft:iron_pickaxe":588,"minecraft:stone_slab":107,"minecraft:spruce_sapling":13,"minecraft:cobblestone":4,"minecraft:cooked_porkchop":5,"minecraft:bucket":26},"minecraft:picked_up":{"minecraft:seagrass":4,"minecraft:iron_chestplate":3,"minecraft:wheat":10,"minecraft:anvil":1,"minecraft:lead":1,"minecraft:oak_stairs":6,"biomesoplenty:violet":5,"minecraft:stone_brick_stairs":7,"vampirism:holy_water_bottle_normal":1,"minecraft:string":8,"minecraft:iron_leggings":3,"minecraft:smooth_stone_slab":5,"minecraft:spruce_planks":17,"evilcraft:blood_extractor":5,"farmersdelight:cabbage_seeds":1,"minecraft:iron_boots":3,"minecraft:furnace":6,"minecraft:stick":116,"minecraft:oak_fence":34,"minecraft:torch":1,"minecraft:spruce_stairs":1,"minecraft:porkchop":11,"tombstone:grave_dust":4,"vampirism:vampire_fang":2,"minecraft:stone_sword":1,"minecraft:rotten_flesh":29,"minecraft:obsidian":24,"minecraft:cobblestone":725,"minecraft:enchanting_table":1,"vampirism:med_chair":1,"minecraft:andesite":33,"cfm:oak_table":12,"biomesoplenty:glowshroom":1,"minecraft:potato":8,"evilcraft:flesh_humanoid":1,"minecraft:dirt":823,"minecraft:lapis_lazuli":9,"minecraft:lantern":2,"minecraft:bone":6,"minecraft:glass":15,"minecraft:bow":1,"minecraft:wheat_seeds":83,"minecraft:moss_block":16,"minecraft:oak_planks":44,"mca:matchmakers_ring":3,"minecraft:sand":76,"minecraft:ink_sac":2,"minecraft:mossy_cobblestone":15,"minecraft:dark_oak_log":2,"minecraft:bread":14,"minecraft:mud":2,"minecraft:charcoal":27,"minecraft:clay_ball":5,"minecraft:stone_brick_wall":91,"minecraft:cornflower":3,"minecraft:oak_trapdoor":2,"minecraft:stone_stairs":6,"evilcraft:poison_sac":1,"minecraft:item_frame":1,"aquaculture:bluegill":1,"minecraft:beef":30,"minecraft:oak_boat":5,"minecraft:poppy":2,"minecraft:sugar_cane":12,"minecraft:chest":4,"minecraft:egg":2,"cfm:white_sofa":12,"minecraft:bowl":3,"aquaculture:perch":9,"minecraft:arrow":13,"aquaculture:brown_trout":2,"minecraft:totem_of_undying":3,"minecraft:mutton":21,"minecraft:white_wool":27,"cfm:oak_cabinet":8,"minecraft:leather":13,"minecraft:red_mushroom":1,"minecraft:oak_log":480,"tombstone:gift":1,"biomesoplenty:glowing_moss_carpet":6,"minecraft:gray_carpet":60,"minecraft:apple":18,"minecraft:stone_bricks":9,"minecraft:oak_fence_gate":2,"minecraft:stone_pickaxe":1,"aquaculture:box_turtle":1,"aquaculture:minnow":3,"minecraft:glass_bottle":2,"minecraft:book":116,"aquaculture:smallmouth_bass":1,"cfm:oak_coffee_table":7,"minecraft:sweet_berries":3,"minecraft:dandelion":4,"minecraft:gravel":2,"minecraft:spruce_sapling":11,"minecraft:white_bed":18,"minecraft:spruce_log":28,"minecraft:spruce_door":7,"minecraft:spider_eye":1,"aquaculture:turtle_soup":2,"biomesoplenty:maple_sapling":176,"minecraft:pumpkin_seeds":9,"minecraft:iron_helmet":3,"minecraft:painting":6,"minecraft:gray_wool":2,"minecraft:baked_potato":48,"tombstone:magic_scroll":1,"minecraft:coal":7,"vampirism:coffin_white":2},"minecraft:custom":{"minecraft:animals_bred":5,"minecraft:interact_with_crafting_table":81,"minecraft:open_barrel":4,"minecraft:bell_ring":2,"minecraft:leave_game":8,"minecraft:time_since_death":89276,"minecraft:damage_resisted":103,"minecraft:sprint_one_cm":2042691,"vampirism:interact_with_coffin":26,"minecraft:drop":104,"minecraft:talked_to_villager":1,"minecraft:play_time":709825,"minecraft:deaths":7,"minecraft:jump":5907,"minecraft:walk_on_water_one_cm":60455,"vampirism:altar_of_inspiration_rituals_performed":65,"minecraft:interact_with_furnace":151,"vampirism:interact_with_research_table":2,"vampirism:action_used_bat":20,"minecraft:sleep_in_bed":19,"vampirism:actions_used":23,"vampirism:action_used_regen":3,"minecraft:damage_dealt":7113,"minecraft:player_kills":1,"minecraft:crouch_one_cm":38491,"tombstone:undead_killed":18,"tombstone:villager_killed":1,"minecraft:horse_one_cm":4749,"minecraft:mob_kills":52,"vampirism:action_time_bat":6106,"minecraft:damage_dealt_resisted":13,"minecraft:climb_one_cm":2995,"vampirism:amount_bitten":306,"minecraft:walk_one_cm":2307040,"vampirism:action_time_regen":867,"vampirism:skills_unlocked":19,"minecraft:sneak_time":12641,"minecraft:walk_under_water_one_cm":19921,"minecraft:boat_one_cm":215730,"minecraft:total_world_time":709825,"vampirism:blood_drunk":28900,"vampirism:interact_with_injection_chair":9,"minecraft:time_since_rest":76879,"minecraft:damage_taken":103461,"minecraft:swim_one_cm":77609,"minecraft:fly_one_cm":1113196,"minecraft:open_chest":491,"minecraft:fall_one_cm":161032},"minecraft:dropped":{"minecraft:porkchop":5,"minecraft:oak_log":1,"minecraft:glass_bottle":2,"minecraft:leather":4,"minecraft:seagrass":2,"aquaculture:box_turtle":1,"vampirism:holy_water_bottle_normal":1,"tombstone:gift":1,"minecraft:rotten_flesh":15,"minecraft:oak_planks":5,"vampirism:blood_bottle":1,"evilcraft:poison_sac":1,"evilcraft:flesh_humanoid":3,"minecraft:beef":13,"minecraft:glass":15,"mca:matchmakers_ring":2,"minecraft:bread":1,"minecraft:wheat_seeds":11,"minecraft:iron_helmet":2,"minecraft:cobblestone":8,"minecraft:spruce_door":1,"minecraft:stick":2,"evilcraft:blood_extractor":3,"minecraft:ink_sac":2,"tombstone:grave_dust":1,"minecraft:iron_leggings":2,"minecraft:string":2,"minecraft:smooth_stone_slab":2,"minecraft:bowl":4,"minecraft:iron_boots":2,"minecraft:totem_of_undying":2,"minecraft:pumpkin_seeds":7,"minecraft:iron_chestplate":2,"minecraft:stone_bricks":1,"minecraft:spider_eye":1},"minecraft:broken":{"minecraft:iron_shovel":1,"minecraft:wooden_shovel":1,"minecraft:stone_pickaxe":2,"minecraft:wooden_axe":2,"minecraft:iron_axe":2,"minecraft:iron_pickaxe":1},"minecraft:mined":{"biomesoplenty:glowshroom":1,"minecraft:spruce_planks":17,"minecraft:white_bed":18,"minecraft:farmland":12,"minecraft:grass_block":202,"minecraft:stone_brick_wall":80,"biomesoplenty:violet":5,"minecraft:anvil":1,"minecraft:dirt_path":16,"minecraft:oak_stairs":6,"minecraft:poppy":2,"minecraft:chest":4,"minecraft:cobblestone":1,"minecraft:oak_planks":44,"minecraft:seagrass":1,"minecraft:stone_stairs":6,"minecraft:mud":2,"minecraft:wheat":22,"biomesoplenty:maple_sapling":2,"vampirism:med_chair":1,"biomesoplenty:maple_leaves":7,"minecraft:potted_poppy":1,"minecraft:smooth_stone_slab":2,"minecraft:stone_brick_stairs":7,"minecraft:grass":114,"minecraft:oak_log":388,"minecraft:oak_fence_gate":2,"minecraft:sand":78,"minecraft:dirt":538,"minecraft:oak_leaves":2,"biomesoplenty:watergrass":5,"minecraft:mossy_cobblestone":15,"minecraft:dark_oak_log":2,"minecraft:spruce_leaves":1,"minecraft:red_mushroom":1,"minecraft:moss_block":15,"minecraft:large_fern":5,"minecraft:oak_trapdoor":2,"minecraft:spruce_sapling":2,"minecraft:furnace":3,"cfm:oak_table":12,"minecraft:andesite":33,"minecraft:lantern":1,"cfm:white_sofa":12,"minecraft:stone":702,"minecraft:white_wool":15,"cfm:oak_cabinet":8,"minecraft:podzol":8,"minecraft:glass_pane":1,"minecraft:spruce_door":6,"minecraft:dandelion":4,"minecraft:oak_fence":34,"minecraft:cornflower":3,"vampirism:coffin_white":3,"biomesoplenty:sprout":4,"minecraft:lapis_ore":1,"minecraft:spruce_stairs":1,"minecraft:spruce_log":31,"minecraft:coal_ore":7,"cfm:oak_coffee_table":7,"evilcraft:blood_stain":1,"minecraft:gravel":2,"minecraft:gray_carpet":60,"minecraft:stone_bricks":9,"minecraft:fern":125},"minecraft:killed":{"minecraft:spider":4,"aquaculture:smallmouth_bass":1,"minecraft:skeleton":6,"aquaculture:perch":9,"minecraft:trader_llama":1,"aquaculture:minnow":3,"minecraft:goat":2,"minecraft:zombie":12,"aquaculture:bluegill":1,"aquaculture:brown_trout":2,"evilcraft:poisonous_libelle":1,"mca:female_villager":1,"minecraft:enderman":1},"minecraft:crafted":{"minecraft:oak_planks":1772,"minecraft:stone":475,"minecraft:cooked_mutton":10,"minecraft:glass":63,"cfm:white_sofa":6,"minecraft:chest":18,"minecraft:oak_fence":72,"mca:matchmakers_ring":8,"minecraft:wooden_shovel":3,"minecraft:cooked_porkchop":5,"cfm:oak_cabinet":6,"minecraft:crafting_table":4,"minecraft:spruce_planks":212,"minecraft:wooden_pickaxe":1,"minecraft:baked_potato":12,"minecraft:yellow_dye":3,"minecraft:wooden_hoe":1,"minecraft:purple_dye":1,"minecraft:charcoal":7,"minecraft:stick":80,"minecraft:iron_pickaxe":3,"minecraft:iron_ingot":5,"vampirism:coffin_white":4,"minecraft:oak_door":3,"cfm:oak_coffee_table":8,"minecraft:furnace":4,"minecraft:oak_trapdoor":2,"minecraft:stone_stairs":24,"minecraft:spruce_stairs":16,"minecraft:iron_axe":2,"minecraft:stone_pickaxe":2,"cfm:oak_table":8,"minecraft:dark_oak_planks":8,"minecraft:cooked_beef":9,"minecraft:cooked_cod":8,"minecraft:iron_sword":1,"minecraft:bread":1,"minecraft:air":0,"minecraft:blue_dye":3,"minecraft:oak_fence_gate":3,"minecraft:oak_boat":1,"minecraft:golden_apple":2,"minecraft:wooden_axe":2,"minecraft:oak_stairs":20,"minecraft:iron_shovel":4,"cfm:oak_chair":4}},"DataVersion":3465}