{"stats":{"minecraft:crafted":{"minecraft:oak_door":3,"minecraft:oak_planks":280,"cfm:oak_coffee_table":8,"minecraft:furnace":4,"minecraft:stone":152,"minecraft:cooked_mutton":10,"minecraft:stone_stairs":4,"minecraft:glass":9,"cfm:white_sofa":6,"minecraft:iron_axe":1,"minecraft:stone_pickaxe":2,"cfm:oak_table":8,"minecraft:chest":6,"minecraft:oak_fence":72,"minecraft:cooked_beef":9,"minecraft:cooked_cod":8,"minecraft:wooden_shovel":3,"minecraft:cooked_porkchop":5,"cfm:oak_cabinet":6,"minecraft:crafting_table":3,"minecraft:spruce_planks":56,"minecraft:wooden_pickaxe":1,"minecraft:baked_potato":8,"minecraft:iron_sword":1,"minecraft:bread":1,"minecraft:air":0,"minecraft:oak_boat":1,"minecraft:oak_fence_gate":2,"minecraft:wooden_hoe":1,"minecraft:charcoal":7,"minecraft:stick":64,"vampirism:coffin_white":4,"minecraft:iron_pickaxe":1,"minecraft:wooden_axe":2,"minecraft:iron_shovel":1,"cfm:oak_chair":4},"minecraft:mined":{"biomesoplenty:watergrass":5,"biomesoplenty:glowshroom":1,"minecraft:spruce_planks":2,"minecraft:white_bed":16,"minecraft:farmland":12,"minecraft:mossy_cobblestone":15,"minecraft:grass_block":158,"minecraft:stone_brick_wall":66,"minecraft:moss_block":14,"minecraft:large_fern":5,"minecraft:spruce_sapling":2,"minecraft:furnace":3,"cfm:oak_table":12,"biomesoplenty:violet":4,"minecraft:dirt_path":16,"minecraft:lantern":1,"cfm:white_sofa":12,"minecraft:stone":182,"minecraft:white_wool":15,"cfm:oak_cabinet":7,"minecraft:podzol":7,"minecraft:dandelion":1,"minecraft:spruce_door":6,"minecraft:oak_fence":34,"minecraft:poppy":2,"minecraft:chest":4,"vampirism:coffin_white":3,"minecraft:cobblestone":1,"minecraft:wheat":22,"biomesoplenty:maple_sapling":2,"vampirism:med_chair":1,"minecraft:spruce_log":16,"biomesoplenty:maple_leaves":5,"minecraft:potted_poppy":1,"minecraft:stone_brick_stairs":7,"minecraft:smooth_stone_slab":1,"minecraft:grass":85,"minecraft:oak_log":111,"cfm:oak_coffee_table":7,"minecraft:oak_fence_gate":2,"minecraft:gravel":2,"minecraft:sand":22,"minecraft:dirt":85,"minecraft:gray_carpet":59,"minecraft:stone_bricks":7,"minecraft:fern":112},"minecraft:dropped":{"minecraft:bread":1,"minecraft:wheat_seeds":7,"minecraft:glass_bottle":2,"minecraft:cobblestone":8,"minecraft:stick":2,"minecraft:ink_sac":2,"minecraft:seagrass":2,"minecraft:string":2,"vampirism:holy_water_bottle_normal":1,"minecraft:smooth_stone_slab":2,"tombstone:gift":1,"minecraft:rotten_flesh":4,"minecraft:oak_planks":5,"vampirism:blood_bottle":1,"minecraft:totem_of_undying":2,"evilcraft:flesh_humanoid":2,"minecraft:pumpkin_seeds":7,"minecraft:stone_bricks":1,"minecraft:spider_eye":1,"minecraft:beef":3,"minecraft:glass":15,"mca:matchmakers_ring":2},"minecraft:used":{"minecraft:oak_fence":73,"minecraft:moss_block":4,"minecraft:stone_sword":55,"minecraft:iron_shovel":191,"farmersdelight:cabbage_seeds":1,"minecraft:chest":10,"biomesoplenty:glowshroom":1,"minecraft:stone":132,"minecraft:iron_sword":38,"minecraft:wooden_shovel":101,"minecraft:dirt":225,"vampirism:coffin_white":6,"minecraft:stone_stairs":4,"minecraft:oak_fence_gate":2,"biomesoplenty:maple_sapling":26,"minecraft:fern":1,"minecraft:glass":8,"minecraft:wooden_axe":139,"cfm:oak_table":14,"minecraft:lantern":2,"minecraft:iron_axe":77,"evilcraft:flesh_humanoid":1,"minecraft:stone_brick_stairs":7,"minecraft:stone_bricks":6,"minecraft:sweet_berries":12,"minecraft:furnace":9,"minecraft:cooked_cod":8,"tombstone:gift":3,"minecraft:egg":2,"minecraft:cooked_beef":9,"minecraft:wheat_seeds":59,"minecraft:cooked_mutton":19,"minecraft:water_bucket":27,"minecraft:spruce_door":6,"minecraft:stone_pickaxe":263,"minecraft:gray_carpet":4,"minecraft:baked_potato":24,"minecraft:oak_planks":51,"minecraft:wooden_pickaxe":23,"cfm:oak_coffee_table":9,"cfm:oak_cabinet":12,"minecraft:crafting_table":3,"minecraft:white_bed":9,"minecraft:painting":6,"minecraft:stone_brick_wall":81,"cfm:oak_chair":4,"minecraft:wooden_hoe":70,"minecraft:apple":3,"cfm:white_sofa":18,"minecraft:bread":14,"minecraft:gravel":1,"minecraft:spruce_sapling":8,"minecraft:cobblestone":4,"minecraft:cooked_porkchop":5,"minecraft:bucket":26,"minecraft:oak_boat":5,"vampirism:med_chair":1},"minecraft:killed":{"minecraft:spider":3,"minecraft:skeleton":6,"aquaculture:brown_trout":1,"aquaculture:perch":3,"aquaculture:minnow":1,"minecraft:zombie":3},"minecraft:broken":{"minecraft:wooden_shovel":1,"minecraft:stone_pickaxe":2,"minecraft:wooden_axe":2},"minecraft:picked_up":{"minecraft:seagrass":4,"minecraft:charcoal":27,"minecraft:wheat":10,"minecraft:clay_ball":5,"minecraft:stone_brick_wall":77,"biomesoplenty:violet":4,"minecraft:stone_brick_stairs":7,"vampirism:holy_water_bottle_normal":1,"minecraft:string":5,"minecraft:smooth_stone_slab":4,"minecraft:spruce_planks":2,"minecraft:beef":18,"minecraft:oak_boat":5,"minecraft:poppy":2,"minecraft:sugar_cane":12,"minecraft:chest":4,"minecraft:furnace":6,"farmersdelight:cabbage_seeds":1,"minecraft:egg":2,"cfm:white_sofa":12,"minecraft:stick":22,"minecraft:oak_fence":34,"minecraft:torch":1,"aquaculture:perch":3,"minecraft:porkchop":6,"vampirism:vampire_fang":2,"minecraft:stone_sword":1,"minecraft:arrow":11,"minecraft:rotten_flesh":12,"aquaculture:brown_trout":1,"minecraft:totem_of_undying":2,"minecraft:mutton":21,"minecraft:white_wool":27,"minecraft:cobblestone":200,"vampirism:med_chair":1,"cfm:oak_cabinet":7,"minecraft:leather":9,"cfm:oak_table":12,"biomesoplenty:glowshroom":1,"minecraft:potato":8,"minecraft:oak_log":112,"evilcraft:flesh_humanoid":1,"minecraft:dirt":325,"minecraft:lantern":2,"tombstone:gift":1,"minecraft:bone":5,"minecraft:glass":15,"minecraft:stone_bricks":7,"minecraft:apple":4,"minecraft:gray_carpet":59,"minecraft:bow":1,"minecraft:wheat_seeds":66,"minecraft:oak_fence_gate":2,"minecraft:glass_bottle":2,"aquaculture:minnow":1,"minecraft:moss_block":15,"minecraft:book":116,"cfm:oak_coffee_table":7,"mca:matchmakers_ring":3,"minecraft:sweet_berries":3,"minecraft:dandelion":1,"minecraft:gravel":2,"minecraft:sand":22,"minecraft:spruce_sapling":6,"minecraft:ink_sac":2,"minecraft:white_bed":16,"minecraft:spruce_log":14,"minecraft:mossy_cobblestone":15,"minecraft:spruce_door":6,"minecraft:spider_eye":1,"biomesoplenty:maple_sapling":31,"minecraft:pumpkin_seeds":9,"minecraft:painting":6,"minecraft:gray_wool":2,"minecraft:bread":14,"minecraft:baked_potato":48,"tombstone:magic_scroll":1,"vampirism:coffin_white":2},"minecraft:custom":{"minecraft:mob_kills":18,"minecraft:animals_bred":3,"minecraft:interact_with_crafting_table":54,"minecraft:open_barrel":4,"minecraft:bell_ring":2,"minecraft:damage_dealt_resisted":13,"minecraft:leave_game":2,"minecraft:time_since_death":4917,"minecraft:climb_one_cm":948,"vampirism:amount_bitten":105,"minecraft:sprint_one_cm":1059046,"minecraft:walk_one_cm":1005954,"vampirism:interact_with_coffin":12,"minecraft:drop":49,"vampirism:skills_unlocked":6,"minecraft:play_time":335835,"minecraft:deaths":4,"minecraft:sneak_time":3169,"minecraft:walk_under_water_one_cm":7820,"minecraft:boat_one_cm":215730,"minecraft:jump":3935,"minecraft:walk_on_water_one_cm":42828,"minecraft:total_world_time":335835,"vampirism:blood_drunk":3100,"vampirism:interact_with_injection_chair":9,"vampirism:altar_of_inspiration_rituals_performed":63,"minecraft:interact_with_furnace":90,"vampirism:interact_with_research_table":2,"minecraft:sleep_in_bed":4,"minecraft:time_since_rest":4763,"minecraft:damage_taken":99958,"minecraft:damage_dealt":3484,"minecraft:player_kills":1,"minecraft:swim_one_cm":33555,"minecraft:fly_one_cm":595097,"minecraft:open_chest":284,"minecraft:crouch_one_cm":7924,"tombstone:undead_killed":9,"minecraft:fall_one_cm":91488,"minecraft:horse_one_cm":4734},"minecraft:killed_by":{"minecraft:player":2,"minecraft:zombie":1}},"DataVersion":3465}