{"stats":{"minecraft:mined":{"minecraft:podzol":7,"minecraft:spruce_planks":2,"minecraft:white_bed":7,"minecraft:mossy_cobblestone":15,"minecraft:spruce_door":4,"minecraft:grass_block":7,"minecraft:stone_brick_wall":13,"minecraft:chest":4,"minecraft:moss_block":11,"minecraft:furnace":3,"cfm:oak_table":8,"minecraft:wheat":3,"minecraft:grass":20,"minecraft:oak_log":46,"minecraft:dirt_path":16,"minecraft:lantern":1,"minecraft:dirt":1,"minecraft:gray_carpet":58,"minecraft:stone":28,"minecraft:fern":28,"cfm:oak_cabinet":7},"minecraft:dropped":{"minecraft:bread":1,"minecraft:wheat_seeds":4,"minecraft:oak_planks":5,"minecraft:glass":15},"minecraft:custom":{"minecraft:interact_with_furnace":17,"minecraft:interact_with_crafting_table":22,"minecraft:open_barrel":4,"minecraft:time_since_death":40016,"minecraft:climb_one_cm":386,"minecraft:time_since_rest":40016,"minecraft:sprint_one_cm":86792,"minecraft:damage_taken":130,"minecraft:walk_one_cm":178773,"minecraft:drop":7,"minecraft:swim_one_cm":975,"minecraft:fly_one_cm":14556,"minecraft:open_chest":53,"minecraft:crouch_one_cm":1529,"minecraft:play_time":40016,"minecraft:sneak_time":320,"minecraft:walk_under_water_one_cm":100,"minecraft:jump":121,"minecraft:walk_on_water_one_cm":358,"minecraft:total_world_time":40016,"minecraft:fall_one_cm":4148},"minecraft:used":{"minecraft:moss_block":1,"minecraft:wheat_seeds":14,"minecraft:water_bucket":7,"minecraft:spruce_door":3,"minecraft:stone_pickaxe":38,"minecraft:gray_carpet":2,"farmersdelight:cabbage_seeds":1,"minecraft:oak_planks":51,"minecraft:chest":5,"minecraft:wooden_pickaxe":22,"cfm:oak_cabinet":12,"minecraft:dirt":1,"minecraft:crafting_table":2,"minecraft:white_bed":7,"minecraft:stone_brick_wall":20,"minecraft:fern":1,"biomesoplenty:maple_sapling":12,"cfm:oak_chair":4,"cfm:oak_table":10,"minecraft:wooden_axe":67,"minecraft:wooden_hoe":32,"minecraft:apple":1,"minecraft:lantern":2,"minecraft:bread":5,"minecraft:spruce_sapling":4,"minecraft:sweet_berries":12,"minecraft:furnace":9,"minecraft:bucket":6},"minecraft:picked_up":{"minecraft:charcoal":27,"minecraft:wheat":3,"cfm:oak_cabinet":7,"cfm:oak_table":8,"minecraft:potato":8,"minecraft:stone_brick_wall":22,"minecraft:oak_log":49,"minecraft:dirt":31,"minecraft:lantern":2,"minecraft:glass":15,"minecraft:apple":1,"minecraft:gray_carpet":57,"minecraft:wheat_seeds":21,"minecraft:spruce_planks":2,"minecraft:moss_block":11,"minecraft:chest":4,"farmersdelight:cabbage_seeds":1,"minecraft:furnace":6,"minecraft:stick":6,"minecraft:sweet_berries":3,"vampirism:vampire_fang":1,"minecraft:white_bed":7,"minecraft:spruce_door":4,"minecraft:mossy_cobblestone":15,"minecraft:stone_sword":1,"biomesoplenty:maple_sapling":13,"minecraft:gray_wool":2,"minecraft:bread":14,"minecraft:baked_potato":48,"minecraft:white_wool":12,"minecraft:cobblestone":37},"minecraft:crafted":{"minecraft:oak_planks":116,"cfm:oak_cabinet":6,"minecraft:crafting_table":2,"minecraft:wooden_pickaxe":1,"minecraft:furnace":4,"minecraft:bread":1,"minecraft:wooden_hoe":1,"minecraft:stick":4,"minecraft:stone_pickaxe":1,"minecraft:wooden_axe":1,"minecraft:chest":1,"cfm:oak_table":8,"cfm:oak_chair":4}},"DataVersion":3465}