{"stats":{"minecraft:crafted":{"minecraft:oak_planks":128,"minecraft:stone_shovel":4,"minecraft:dark_oak_stairs":40,"minecraft:crafting_table":1,"minecraft:spruce_planks":12,"minecraft:wooden_pickaxe":1,"minecraft:stone_axe":4,"minecraft:ladder":33,"minecraft:stick":84,"minecraft:stone_pickaxe":1,"minecraft:stone_sword":1,"minecraft:chest":3,"minecraft:dark_oak_planks":156,"minecraft:torch":16},"minecraft:mined":{"minecraft:dark_oak_planks":3,"minecraft:white_bed":2,"minecraft:oak_sapling":1,"minecraft:glass_pane":1,"biomesoplenty:glowing_moss_carpet":1,"minecraft:kelp_plant":1,"minecraft:dark_oak_log":67,"minecraft:ladder":2,"minecraft:carved_pumpkin":6,"minecraft:crafting_table":4,"minecraft:torch":6,"minecraft:potted_dead_bush":1,"minecraft:grass_block":284,"minecraft:chest":2,"minecraft:cobblestone":1,"biomesoplenty:sprout":36,"minecraft:oak_planks":5,"minecraft:kelp":2,"minecraft:chiseled_stone_bricks":1,"minecraft:spawner":1,"minecraft:hay_block":6,"biomesoplenty:toadstool":18,"minecraft:birch_leaves":2,"minecraft:pumpkin":14,"biomesoplenty:fir_log":363,"evilcraft:dark_ore":3,"blue_skies:lunar_stonebrick":12,"minecraft:dark_oak_stairs":6,"minecraft:grass":65,"minecraft:oak_log":33,"minecraft:coal_ore":34,"biomesoplenty:fir_leaves":14,"minecraft:gravel":3,"minecraft:sand":62,"minecraft:dirt":244,"biomesoplenty:fir_sapling":1,"minecraft:cracked_stone_bricks":1,"minecraft:stone":49,"minecraft:oak_leaves":39},"minecraft:dropped":{"minecraft:cracked_stone_bricks":1,"minecraft:large_fern":1,"minecraft:dead_bush":1,"minecraft:paper":1},"minecraft:used":{"minecraft:dark_oak_stairs":6,"minecraft:stone_sword":13,"minecraft:rabbit":1,"minecraft:carved_pumpkin":1,"minecraft:stone_shovel":518,"minecraft:stone_pickaxe":73,"minecraft:ladder":34,"minecraft:baked_potato":11,"minecraft:oak_planks":106,"minecraft:chest":5,"minecraft:wooden_pickaxe":40,"minecraft:torch":11,"minecraft:dirt":219,"minecraft:sand":4,"minecraft:crafting_table":5,"minecraft:white_bed":1,"biomesoplenty:orange_autumn_sapling":2,"minecraft:obsidian":1,"minecraft:dark_oak_planks":3,"minecraft:dark_oak_log":13,"biomesoplenty:fir_sapling":12,"minecraft:bread":16,"minecraft:iron_helmet":1,"biomesoplenty:glowing_moss_carpet":1,"minecraft:gravel":3,"minecraft:stone_axe":522,"minecraft:cobblestone":9,"travelersbackpack:standard":4,"minecraft:porkchop":2,"minecraft:oak_sapling":1,"biomesoplenty:fir_log":250},"minecraft:killed":{"minecraft:spider":3,"minecraft:zombie":1},"minecraft:broken":{"minecraft:stone_axe":3,"minecraft:stone_shovel":3},"minecraft:picked_up":{"minecraft:crafting_table":4,"minecraft:wheat":1,"minecraft:ladder":2,"minecraft:flower_pot":1,"minecraft:leather":5,"biomesoplenty:orange_autumn_sapling":23,"biomesoplenty:fir_sapling":44,"biomesoplenty:fir_log":295,"minecraft:oak_log":33,"minecraft:cobblestone_wall":2,"minecraft:string":5,"minecraft:dirt":538,"minecraft:paper":1,"biomesoplenty:glowing_moss_carpet":1,"minecraft:kelp":5,"minecraft:cracked_stone_bricks":1,"minecraft:wheat_seeds":16,"blue_skies:lunar_stonebrick":12,"minecraft:beef":2,"minecraft:rabbit":1,"minecraft:chest":2,"minecraft:oak_planks":5,"minecraft:dark_oak_stairs":6,"minecraft:egg":1,"biomesoplenty:toadstool":21,"minecraft:stick":37,"minecraft:pumpkin":15,"minecraft:chiseled_stone_bricks":1,"minecraft:torch":7,"minecraft:gravel":3,"minecraft:porkchop":8,"minecraft:sand":63,"minecraft:white_bed":2,"minecraft:dead_bush":1,"minecraft:dark_oak_log":65,"minecraft:dark_oak_planks":3,"travelersbackpack:standard":1,"minecraft:rotten_flesh":1,"evilcraft:dark_gem":13,"minecraft:hay_block":6,"minecraft:carved_pumpkin":6,"minecraft:oak_sapling":6,"minecraft:coal":34,"minecraft:cobblestone":51},"minecraft:custom":{"minecraft:interact_with_furnace":2,"minecraft:mob_kills":10,"minecraft:interact_with_crafting_table":30,"minecraft:open_barrel":3,"minecraft:bell_ring":1,"minecraft:leave_game":1,"minecraft:time_since_death":156608,"minecraft:sleep_in_bed":2,"minecraft:climb_one_cm":8568,"minecraft:time_since_rest":2899,"minecraft:sprint_one_cm":570096,"vampirism:amount_bitten":84,"minecraft:damage_taken":1471,"minecraft:walk_one_cm":314687,"vampirism:interact_with_coffin":1,"minecraft:drop":4,"minecraft:damage_dealt":640,"vampirism:skills_unlocked":1,"minecraft:swim_one_cm":83151,"minecraft:fly_one_cm":853977,"minecraft:open_chest":66,"minecraft:crouch_one_cm":28936,"minecraft:play_time":156608,"tombstone:undead_killed":1,"minecraft:sneak_time":10462,"minecraft:walk_under_water_one_cm":29043,"minecraft:jump":3524,"minecraft:walk_on_water_one_cm":24854,"minecraft:total_world_time":156608,"vampirism:blood_drunk":12100,"minecraft:fall_one_cm":111956}},"DataVersion":3465}