{"stats":{"minecraft:crafted":{"minecraft:oak_planks":44,"minecraft:stone_shovel":1,"minecraft:crafting_table":1,"minecraft:spruce_planks":12,"minecraft:wooden_pickaxe":1,"minecraft:stone_axe":1,"minecraft:stick":16,"minecraft:stone_pickaxe":1,"minecraft:chest":2,"minecraft:torch":16},"minecraft:mined":{"minecraft:white_bed":2,"minecraft:glass_pane":1,"minecraft:dark_oak_log":6,"minecraft:carved_pumpkin":6,"minecraft:crafting_table":4,"minecraft:torch":2,"minecraft:potted_dead_bush":1,"minecraft:grass_block":74,"minecraft:chest":1,"minecraft:cobblestone":1,"biomesoplenty:sprout":34,"minecraft:chiseled_stone_bricks":1,"minecraft:spawner":1,"minecraft:hay_block":6,"biomesoplenty:toadstool":18,"minecraft:birch_leaves":2,"minecraft:pumpkin":11,"biomesoplenty:fir_log":91,"evilcraft:dark_ore":3,"blue_skies:lunar_stonebrick":12,"minecraft:grass":58,"minecraft:oak_log":32,"minecraft:coal_ore":34,"minecraft:gravel":3,"minecraft:dirt":2,"minecraft:cracked_stone_bricks":1,"minecraft:stone":25,"minecraft:oak_leaves":35},"minecraft:dropped":{"minecraft:cracked_stone_bricks":1,"minecraft:large_fern":1,"minecraft:dead_bush":1,"minecraft:paper":1},"minecraft:used":{"minecraft:rabbit":1,"minecraft:carved_pumpkin":1,"minecraft:stone_shovel":75,"minecraft:stone_pickaxe":49,"minecraft:baked_potato":11,"minecraft:oak_planks":13,"minecraft:chest":3,"minecraft:wooden_pickaxe":40,"minecraft:torch":3,"minecraft:dirt":6,"minecraft:crafting_table":5,"minecraft:white_bed":1,"biomesoplenty:orange_autumn_sapling":1,"minecraft:obsidian":1,"minecraft:bread":16,"minecraft:iron_helmet":1,"minecraft:gravel":3,"minecraft:stone_axe":157,"minecraft:cobblestone":9,"minecraft:oak_sapling":1},"minecraft:killed":{"minecraft:zombie":1},"minecraft:broken":{"minecraft:stone_axe":1},"minecraft:picked_up":{"minecraft:crafting_table":4,"minecraft:wheat":1,"minecraft:flower_pot":1,"biomesoplenty:orange_autumn_sapling":1,"biomesoplenty:fir_sapling":2,"biomesoplenty:fir_log":26,"minecraft:oak_log":32,"minecraft:cobblestone_wall":2,"minecraft:dirt":70,"minecraft:paper":1,"minecraft:cracked_stone_bricks":1,"minecraft:wheat_seeds":11,"blue_skies:lunar_stonebrick":12,"minecraft:rabbit":1,"minecraft:chest":1,"minecraft:egg":1,"biomesoplenty:toadstool":20,"minecraft:stick":4,"minecraft:pumpkin":12,"minecraft:chiseled_stone_bricks":1,"minecraft:torch":2,"minecraft:gravel":3,"minecraft:white_bed":2,"minecraft:dead_bush":1,"minecraft:dark_oak_log":6,"minecraft:rotten_flesh":1,"evilcraft:dark_gem":13,"minecraft:hay_block":6,"minecraft:carved_pumpkin":6,"minecraft:oak_sapling":5,"minecraft:coal":34,"minecraft:cobblestone":27},"minecraft:custom":{"minecraft:mob_kills":1,"minecraft:interact_with_crafting_table":17,"minecraft:open_barrel":3,"minecraft:bell_ring":1,"minecraft:time_since_death":85987,"minecraft:climb_one_cm":126,"minecraft:time_since_rest":85987,"minecraft:sprint_one_cm":381403,"vampirism:amount_bitten":28,"minecraft:damage_taken":842,"minecraft:walk_one_cm":122519,"minecraft:drop":4,"minecraft:damage_dealt":209,"vampirism:skills_unlocked":1,"minecraft:swim_one_cm":73229,"minecraft:fly_one_cm":681597,"minecraft:open_chest":35,"minecraft:crouch_one_cm":2046,"minecraft:play_time":85987,"tombstone:undead_killed":1,"minecraft:sneak_time":927,"minecraft:walk_under_water_one_cm":16362,"minecraft:jump":2566,"minecraft:walk_on_water_one_cm":17498,"minecraft:total_world_time":85987,"vampirism:blood_drunk":3500,"minecraft:fall_one_cm":84534}},"DataVersion":3465}