{"stats":{"minecraft:crafted":{"minecraft:oak_planks":24,"minecraft:crafting_table":1,"minecraft:stick":8,"minecraft:wooden_pickaxe":1,"minecraft:stone_pickaxe":1,"minecraft:torch":16},"minecraft:mined":{"minecraft:hay_block":6,"minecraft:white_bed":2,"minecraft:glass_pane":1,"minecraft:birch_leaves":2,"blue_skies:lunar_stonebrick":12,"minecraft:crafting_table":2,"minecraft:potted_dead_bush":1,"minecraft:coal_ore":21,"minecraft:oak_log":6,"minecraft:gravel":3,"minecraft:cobblestone":1,"minecraft:cracked_stone_bricks":1,"minecraft:stone":14,"minecraft:oak_leaves":1,"minecraft:chiseled_stone_bricks":1,"minecraft:spawner":1},"minecraft:dropped":{"minecraft:dead_bush":1,"minecraft:cracked_stone_bricks":1,"minecraft:paper":1},"minecraft:used":{"minecraft:rabbit":1,"minecraft:bread":16,"minecraft:stone_pickaxe":19,"minecraft:baked_potato":11,"minecraft:oak_planks":13,"minecraft:iron_helmet":1,"minecraft:wooden_pickaxe":40,"minecraft:gravel":3,"minecraft:cobblestone":9,"minecraft:crafting_table":2,"minecraft:obsidian":1},"minecraft:killed":{"minecraft:zombie":1},"minecraft:picked_up":{"minecraft:crafting_table":2,"minecraft:wheat":1,"minecraft:flower_pot":1,"minecraft:pumpkin":1,"minecraft:chiseled_stone_bricks":1,"minecraft:gravel":3,"minecraft:oak_log":6,"minecraft:cobblestone_wall":2,"minecraft:white_bed":2,"minecraft:dead_bush":1,"minecraft:paper":1,"minecraft:rotten_flesh":1,"minecraft:cracked_stone_bricks":1,"minecraft:wheat_seeds":6,"minecraft:hay_block":6,"blue_skies:lunar_stonebrick":12,"minecraft:rabbit":1,"minecraft:coal":21,"minecraft:cobblestone":16},"minecraft:custom":{"minecraft:time_since_rest":61987,"vampirism:amount_bitten":19,"minecraft:sprint_one_cm":318439,"minecraft:damage_taken":732,"minecraft:walk_one_cm":72842,"minecraft:mob_kills":1,"minecraft:drop":3,"vampirism:skills_unlocked":1,"minecraft:damage_dealt":209,"minecraft:interact_with_crafting_table":2,"minecraft:swim_one_cm":73229,"minecraft:fly_one_cm":601337,"minecraft:open_barrel":3,"minecraft:open_chest":17,"minecraft:crouch_one_cm":1156,"minecraft:play_time":61987,"tombstone:undead_killed":1,"minecraft:bell_ring":1,"minecraft:sneak_time":671,"minecraft:walk_under_water_one_cm":13843,"minecraft:jump":2225,"minecraft:walk_on_water_one_cm":17147,"minecraft:time_since_death":61987,"minecraft:climb_one_cm":126,"minecraft:total_world_time":61987,"vampirism:blood_drunk":900,"minecraft:fall_one_cm":70812}},"DataVersion":3465}