{"stats":{"minecraft:crafted":{"minecraft:oak_planks":24,"minecraft:crafting_table":1,"minecraft:stick":8,"minecraft:wooden_pickaxe":1},"minecraft:mined":{"minecraft:hay_block":6,"minecraft:white_bed":2,"blue_skies:lunar_stonebrick":12,"minecraft:crafting_table":1,"minecraft:potted_dead_bush":1,"minecraft:oak_log":6,"minecraft:gravel":3,"minecraft:cobblestone":1,"minecraft:cracked_stone_bricks":1,"minecraft:stone":12,"minecraft:oak_leaves":1,"minecraft:chiseled_stone_bricks":1,"minecraft:spawner":1},"minecraft:dropped":{"minecraft:dead_bush":1,"minecraft:cracked_stone_bricks":1,"minecraft:paper":1},"minecraft:used":{"minecraft:rabbit":1,"minecraft:bread":16,"minecraft:baked_potato":6,"minecraft:oak_planks":13,"minecraft:wooden_pickaxe":36,"minecraft:gravel":3,"minecraft:cobblestone":9,"minecraft:crafting_table":1,"minecraft:obsidian":1},"minecraft:killed":{"minecraft:zombie":1},"minecraft:picked_up":{"minecraft:crafting_table":1,"minecraft:wheat":1,"minecraft:flower_pot":1,"minecraft:pumpkin":1,"minecraft:chiseled_stone_bricks":1,"minecraft:gravel":3,"minecraft:oak_log":6,"minecraft:cobblestone_wall":2,"minecraft:white_bed":2,"minecraft:dead_bush":1,"minecraft:paper":1,"minecraft:rotten_flesh":1,"minecraft:cracked_stone_bricks":1,"minecraft:wheat_seeds":6,"minecraft:hay_block":6,"blue_skies:lunar_stonebrick":12,"minecraft:rabbit":1,"minecraft:cobblestone":14},"minecraft:custom":{"minecraft:time_since_rest":49987,"minecraft:sprint_one_cm":266905,"minecraft:damage_taken":575,"minecraft:walk_one_cm":57675,"minecraft:mob_kills":1,"minecraft:drop":3,"minecraft:damage_dealt":209,"minecraft:interact_with_crafting_table":1,"minecraft:swim_one_cm":60669,"minecraft:fly_one_cm":515625,"minecraft:open_barrel":3,"minecraft:open_chest":16,"minecraft:crouch_one_cm":559,"minecraft:play_time":49987,"tombstone:undead_killed":1,"minecraft:sneak_time":588,"minecraft:walk_under_water_one_cm":12368,"minecraft:jump":1874,"minecraft:walk_on_water_one_cm":15785,"minecraft:time_since_death":49987,"minecraft:climb_one_cm":126,"minecraft:total_world_time":49987,"minecraft:fall_one_cm":61108}},"DataVersion":3465}