{"stats":{"minecraft:crafted":{"minecraft:oak_planks":24,"minecraft:crafting_table":1,"minecraft:stick":8,"minecraft:wooden_pickaxe":1},"minecraft:mined":{"minecraft:oak_log":6,"minecraft:white_bed":2,"minecraft:stone":12,"minecraft:crafting_table":1},"minecraft:used":{"minecraft:crafting_table":1,"minecraft:bread":3,"minecraft:wooden_pickaxe":12},"minecraft:picked_up":{"minecraft:crafting_table":1,"minecraft:wheat":1,"minecraft:pumpkin":1,"minecraft:wheat_seeds":6,"minecraft:oak_log":6,"minecraft:white_bed":2,"minecraft:cobblestone_wall":2,"minecraft:cobblestone":12},"minecraft:custom":{"minecraft:time_since_rest":7987,"minecraft:open_chest":5,"minecraft:play_time":7987,"minecraft:sprint_one_cm":45034,"minecraft:damage_taken":10,"minecraft:walk_one_cm":19666,"minecraft:sneak_time":41,"minecraft:walk_under_water_one_cm":97,"minecraft:jump":171,"minecraft:damage_dealt":10,"minecraft:time_since_death":7987,"minecraft:walk_on_water_one_cm":2420,"minecraft:total_world_time":7987,"minecraft:swim_one_cm":2508,"minecraft:interact_with_crafting_table":1,"minecraft:fall_one_cm":4546,"minecraft:fly_one_cm":43659}},"DataVersion":3465}