{"stats":{"minecraft:crafted":{"minecraft:oak_planks":128,"minecraft:stone_shovel":3,"minecraft:crafting_table":1,"minecraft:spruce_planks":12,"minecraft:wooden_pickaxe":1,"minecraft:stone_axe":2,"minecraft:stick":16,"minecraft:stone_pickaxe":1,"minecraft:stone_sword":1,"minecraft:chest":3,"minecraft:torch":16},"minecraft:mined":{"minecraft:white_bed":2,"minecraft:oak_sapling":1,"minecraft:glass_pane":1,"minecraft:kelp_plant":1,"minecraft:dark_oak_log":6,"minecraft:carved_pumpkin":6,"minecraft:crafting_table":4,"minecraft:torch":5,"minecraft:potted_dead_bush":1,"minecraft:grass_block":274,"minecraft:chest":2,"minecraft:cobblestone":1,"biomesoplenty:sprout":35,"minecraft:kelp":2,"minecraft:chiseled_stone_bricks":1,"minecraft:spawner":1,"minecraft:hay_block":6,"biomesoplenty:toadstool":18,"minecraft:birch_leaves":2,"minecraft:pumpkin":14,"biomesoplenty:fir_log":178,"evilcraft:dark_ore":3,"blue_skies:lunar_stonebrick":12,"minecraft:grass":62,"minecraft:oak_log":32,"minecraft:coal_ore":34,"biomesoplenty:fir_leaves":5,"minecraft:gravel":3,"minecraft:sand":62,"minecraft:dirt":72,"minecraft:cracked_stone_bricks":1,"minecraft:stone":26,"minecraft:oak_leaves":37},"minecraft:dropped":{"minecraft:cracked_stone_bricks":1,"minecraft:large_fern":1,"minecraft:dead_bush":1,"minecraft:paper":1},"minecraft:used":{"minecraft:stone_sword":4,"minecraft:rabbit":1,"minecraft:carved_pumpkin":1,"minecraft:stone_shovel":390,"minecraft:stone_pickaxe":50,"minecraft:baked_potato":11,"minecraft:oak_planks":13,"minecraft:chest":5,"minecraft:wooden_pickaxe":40,"minecraft:torch":11,"minecraft:dirt":28,"minecraft:sand":3,"minecraft:crafting_table":5,"minecraft:white_bed":1,"biomesoplenty:orange_autumn_sapling":2,"minecraft:obsidian":1,"biomesoplenty:fir_sapling":4,"minecraft:bread":16,"minecraft:iron_helmet":1,"minecraft:gravel":3,"minecraft:stone_axe":252,"minecraft:cobblestone":9,"minecraft:oak_sapling":1,"biomesoplenty:fir_log":88},"minecraft:killed":{"minecraft:spider":1,"minecraft:zombie":1},"minecraft:broken":{"minecraft:stone_axe":1,"minecraft:stone_shovel":2},"minecraft:picked_up":{"minecraft:crafting_table":4,"minecraft:wheat":1,"minecraft:flower_pot":1,"minecraft:leather":3,"biomesoplenty:orange_autumn_sapling":2,"biomesoplenty:fir_sapling":23,"biomesoplenty:fir_log":113,"minecraft:oak_log":32,"minecraft:cobblestone_wall":2,"minecraft:string":2,"minecraft:dirt":340,"minecraft:paper":1,"minecraft:kelp":5,"minecraft:cracked_stone_bricks":1,"minecraft:wheat_seeds":15,"blue_skies:lunar_stonebrick":12,"minecraft:rabbit":1,"minecraft:chest":2,"minecraft:egg":1,"biomesoplenty:toadstool":21,"minecraft:stick":22,"minecraft:pumpkin":15,"minecraft:chiseled_stone_bricks":1,"minecraft:torch":6,"minecraft:gravel":3,"minecraft:sand":62,"minecraft:white_bed":2,"minecraft:dead_bush":1,"minecraft:dark_oak_log":6,"minecraft:rotten_flesh":1,"evilcraft:dark_gem":13,"minecraft:hay_block":6,"minecraft:carved_pumpkin":6,"minecraft:oak_sapling":6,"minecraft:coal":34,"minecraft:cobblestone":28},"minecraft:custom":{"minecraft:mob_kills":4,"minecraft:interact_with_crafting_table":21,"minecraft:open_barrel":3,"minecraft:bell_ring":1,"minecraft:time_since_death":109987,"minecraft:sleep_in_bed":1,"minecraft:climb_one_cm":126,"minecraft:time_since_rest":21601,"minecraft:sprint_one_cm":440428,"vampirism:amount_bitten":31,"minecraft:damage_taken":921,"minecraft:walk_one_cm":202635,"minecraft:drop":4,"minecraft:damage_dealt":369,"vampirism:skills_unlocked":1,"minecraft:swim_one_cm":83151,"minecraft:fly_one_cm":765068,"minecraft:open_chest":44,"minecraft:crouch_one_cm":2644,"minecraft:play_time":109987,"tombstone:undead_killed":1,"minecraft:sneak_time":1967,"minecraft:walk_under_water_one_cm":28728,"minecraft:jump":2923,"minecraft:walk_on_water_one_cm":24458,"minecraft:total_world_time":109987,"vampirism:blood_drunk":5800,"minecraft:fall_one_cm":93117}},"DataVersion":3465}