{"stats":{"minecraft:crafted":{"minecraft:oak_planks":24,"minecraft:crafting_table":1,"minecraft:stick":8,"minecraft:wooden_pickaxe":1},"minecraft:mined":{"minecraft:hay_block":6,"minecraft:white_bed":2,"blue_skies:lunar_stonebrick":12,"minecraft:crafting_table":1,"minecraft:potted_dead_bush":1,"minecraft:oak_log":6,"minecraft:cracked_stone_bricks":1,"minecraft:stone":12,"minecraft:oak_leaves":1,"minecraft:chiseled_stone_bricks":1,"minecraft:spawner":1},"minecraft:dropped":{"minecraft:cracked_stone_bricks":1},"minecraft:used":{"minecraft:bread":6,"minecraft:oak_planks":13,"minecraft:wooden_pickaxe":35,"minecraft:crafting_table":1,"minecraft:obsidian":1},"minecraft:killed":{"minecraft:zombie":1},"minecraft:picked_up":{"minecraft:crafting_table":1,"minecraft:wheat":1,"minecraft:flower_pot":1,"minecraft:pumpkin":1,"minecraft:chiseled_stone_bricks":1,"minecraft:oak_log":6,"minecraft:cobblestone_wall":2,"minecraft:white_bed":2,"minecraft:dead_bush":1,"minecraft:rotten_flesh":1,"minecraft:cracked_stone_bricks":1,"minecraft:wheat_seeds":6,"minecraft:hay_block":6,"blue_skies:lunar_stonebrick":12,"minecraft:cobblestone":13},"minecraft:custom":{"minecraft:time_since_rest":19987,"minecraft:sprint_one_cm":92220,"minecraft:damage_taken":70,"minecraft:walk_one_cm":30846,"minecraft:mob_kills":1,"minecraft:drop":1,"minecraft:damage_dealt":209,"minecraft:interact_with_crafting_table":1,"minecraft:swim_one_cm":34848,"minecraft:fly_one_cm":162040,"minecraft:open_barrel":3,"minecraft:open_chest":13,"minecraft:crouch_one_cm":273,"minecraft:play_time":19987,"tombstone:undead_killed":1,"minecraft:sneak_time":403,"minecraft:walk_under_water_one_cm":9561,"minecraft:jump":585,"minecraft:walk_on_water_one_cm":7020,"minecraft:time_since_death":19987,"minecraft:total_world_time":19987,"minecraft:fall_one_cm":16704}},"DataVersion":3465}