{"stats":{"minecraft:mined":{"minecraft:poppy":2,"biomesoplenty:maple_leaves":1,"minecraft:spruce_log":7},"minecraft:dropped":{"minecraft:bread":13,"tombstone:grave_key":1},"minecraft:custom":{"minecraft:time_since_rest":12048,"minecraft:deaths":1,"minecraft:sprint_one_cm":22431,"minecraft:interact_with_furnace":4,"minecraft:play_time":21083,"minecraft:damage_taken":240,"minecraft:walk_one_cm":32624,"minecraft:sneak_time":22,"minecraft:drop":14,"minecraft:jump":43,"minecraft:leave_game":2,"minecraft:time_since_death":20363,"minecraft:sleep_in_bed":1,"minecraft:total_world_time":21083,"minecraft:interact_with_crafting_table":2,"minecraft:fall_one_cm":335,"minecraft:fly_one_cm":2110},"minecraft:used":{"minecraft:stone_brick_wall":1},"minecraft:picked_up":{"minecraft:stick":2,"minecraft:wheat":2,"minecraft:sweet_berries":2,"minecraft:potato":56,"minecraft:stone_brick_wall":1,"tombstone:grave_key":1,"minecraft:bread":45,"minecraft:poppy":2,"minecraft:spruce_log":6},"minecraft:crafted":{"minecraft:wooden_sword":1,"minecraft:red_dye":2,"minecraft:wooden_shovel":1,"minecraft:crafting_table":1,"minecraft:spruce_planks":24,"minecraft:stick":8,"minecraft:wooden_pickaxe":1,"minecraft:wooden_axe":1}},"DataVersion":3465}