{"stats":{"minecraft:crafted":{"minecraft:wooden_sword":1,"minecraft:oak_planks":144,"minecraft:stone_shovel":1,"minecraft:glass":31,"travelersbackpack:white_sleeping_bag":2,"minecraft:iron_boots":2,"minecraft:iron_axe":2,"minecraft:stone_pickaxe":1,"minecraft:chest":2,"minecraft:cooked_beef":8,"minecraft:red_dye":2,"minecraft:wooden_shovel":1,"minecraft:cooked_porkchop":10,"minecraft:crafting_table":3,"minecraft:spruce_planks":24,"travelersbackpack:backpack_tank":5,"travelersbackpack:standard":2,"minecraft:wooden_pickaxe":1,"minecraft:iron_helmet":2,"minecraft:iron_sword":2,"minecraft:stone_axe":1,"minecraft:yellow_dye":1,"minecraft:iron_chestplate":2,"minecraft:charcoal":50,"minecraft:stick":20,"minecraft:iron_ingot":88,"minecraft:iron_pickaxe":2,"minecraft:wooden_axe":1,"minecraft:stone_sword":1,"minecraft:iron_leggings":2,"minecraft:iron_shovel":2,"minecraft:gold_ingot":6,"minecraft:torch":36},"minecraft:mined":{"biomesoplenty:glowing_moss_block":10,"minecraft:tuff":3,"biomesoplenty:glowshroom":3,"minecraft:glow_lichen":2,"minecraft:grass_block":1,"minecraft:iron_ore":10,"minecraft:andesite":1,"biomesoplenty:glowshroom_block":1,"minecraft:potatoes":3,"minecraft:deepslate_iron_ore":6,"minecraft:stone":33,"minecraft:deepslate_redstone_ore":6,"biomesoplenty:glowing_moss_carpet":1,"minecraft:dandelion":1,"travelersbackpack:standard":1,"minecraft:crafting_table":2,"minecraft:torch":19,"minecraft:poppy":2,"minecraft:cobblestone":1,"minecraft:deepslate_gold_ore":17,"minecraft:oak_planks":17,"minecraft:wall_torch":13,"evilcraft:dark_ore_deepslate":1,"minecraft:wheat":41,"minecraft:spruce_log":17,"biomesoplenty:maple_leaves":1,"minecraft:pumpkin_stem":5,"minecraft:oak_log":134,"minecraft:coal_ore":8,"minecraft:gravel":10,"minecraft:sand":26,"minecraft:dirt":1,"minecraft:deepslate":38},"minecraft:used":{"minecraft:stone_sword":1,"biomesoplenty:glowing_moss_block":5,"biomesoplenty:glowshroom":2,"minecraft:wooden_shovel":27,"minecraft:torch":57,"biomesoplenty:maple_sapling":28,"minecraft:wooden_axe":55,"minecraft:iron_axe":9,"evilcraft:flesh_humanoid":2,"tombstone:gift":1,"minecraft:wheat_seeds":103,"minecraft:stone_pickaxe":83,"minecraft:oak_planks":41,"minecraft:wooden_pickaxe":42,"minecraft:crafting_table":4,"minecraft:stone_brick_wall":1,"minecraft:pumpkin_seeds":10,"minecraft:oak_log":1,"minecraft:apple":1,"minecraft:bread":5,"minecraft:iron_pickaxe":58,"minecraft:spruce_sapling":1,"biomesoplenty:glowing_moss_carpet":7,"minecraft:stone_axe":123,"minecraft:wooden_sword":52,"minecraft:cobblestone":13,"travelersbackpack:standard":1,"minecraft:bone_meal":2},"minecraft:dropped":{"minecraft:bread":13,"minecraft:iron_sword":1,"minecraft:iron_helmet":1,"minecraft:book":183,"travelersbackpack:standard":1,"tombstone:grave_key":1,"minecraft:iron_leggings":1,"minecraft:iron_axe":1,"minecraft:iron_pickaxe":1,"minecraft:iron_shovel":1,"minecraft:cobbled_deepslate":1,"vampirism:holy_water_bottle_normal":2,"minecraft:wheat":3,"minecraft:iron_boots":1,"vampirism:blood_bottle":2,"biomesoplenty:glowing_moss_block":4,"evilcraft:flesh_humanoid":2,"biomesoplenty:glowing_moss_carpet":9,"minecraft:iron_chestplate":1},"minecraft:killed":{"minecraft:spider":1,"minecraft:skeleton":1,"minecraft:zombie":1,"minecraft:cow":3},"minecraft:broken":{"minecraft:wooden_pickaxe":1,"minecraft:stone_axe":1,"minecraft:wooden_axe":1},"minecraft:picked_up":{"minecraft:crafting_table":2,"minecraft:wheat":32,"minecraft:chicken":2,"minecraft:stone_brick_wall":1,"tombstone:grave_key":1,"vampirism:holy_water_bottle_normal":1,"minecraft:string":2,"minecraft:cobbled_deepslate":35,"minecraft:beef":21,"minecraft:poppy":2,"evilcraft:blood_extractor":1,"minecraft:raw_iron":20,"minecraft:stick":27,"minecraft:torch":31,"minecraft:porkchop":13,"vampirism:vampire_fang":1,"minecraft:redstone":28,"minecraft:arrow":2,"iammusicplayer:parabolic_antenna":1,"minecraft:cobblestone":33,"vampirism:vampire_blood_bottle":2,"minecraft:andesite":1,"minecraft:leather":4,"biomesoplenty:glowshroom":2,"minecraft:potato":68,"minecraft:flint":1,"minecraft:tuff":3,"minecraft:oak_log":115,"evilcraft:flesh_humanoid":3,"biomesoplenty:glowing_moss_carpet":16,"minecraft:apple":5,"minecraft:wheat_seeds":103,"minecraft:raw_gold":17,"minecraft:glass_bottle":5,"minecraft:oak_planks":17,"minecraft:book":247,"minecraft:sweet_berries":2,"minecraft:dandelion":1,"minecraft:gravel":6,"minecraft:sand":26,"minecraft:spruce_sapling":1,"minecraft:spruce_log":10,"biomesoplenty:glowing_moss_block":12,"travelersbackpack:standard":1,"biomesoplenty:maple_sapling":29,"minecraft:pumpkin_seeds":10,"evilcraft:dark_gem":5,"minecraft:bone_meal":2,"minecraft:bread":45,"minecraft:coal":10},"minecraft:custom":{"minecraft:mob_kills":8,"minecraft:animals_bred":13,"minecraft:interact_with_crafting_table":32,"minecraft:open_barrel":1,"vampirism:action_time_bat":3078,"minecraft:leave_game":6,"minecraft:time_since_death":8117,"minecraft:sprint_one_cm":224009,"vampirism:amount_bitten":207,"minecraft:walk_one_cm":545250,"vampirism:interact_with_coffin":12,"minecraft:drop":106,"vampirism:skills_unlocked":10,"minecraft:talked_to_villager":2,"minecraft:play_time":218128,"vampirism:interact_with_altar_inspiration":4,"minecraft:deaths":8,"minecraft:sneak_time":634,"minecraft:walk_under_water_one_cm":69466,"minecraft:jump":1032,"minecraft:walk_on_water_one_cm":48978,"minecraft:total_world_time":218128,"vampirism:blood_drunk":8900,"vampirism:interact_with_injection_chair":1,"vampirism:altar_of_inspiration_rituals_performed":27,"minecraft:interact_with_furnace":81,"vampirism:interact_with_research_table":2,"vampirism:action_used_bat":7,"minecraft:sleep_in_bed":5,"vampirism:actions_used":7,"minecraft:time_since_rest":7841,"minecraft:damage_taken":196163,"minecraft:damage_dealt":1701,"minecraft:swim_one_cm":884,"minecraft:fly_one_cm":35801,"minecraft:open_chest":40,"minecraft:crouch_one_cm":427,"tombstone:undead_killed":2,"minecraft:fall_one_cm":28379,"minecraft:horse_one_cm":12},"minecraft:killed_by":{"minecraft:spider":1,"minecraft:skeleton":2,"minecraft:zombie":1}},"DataVersion":3465}