{"stats":{"minecraft:killed_by":{"vampirism:hunter_trainer":1,"minecraft:spider":1,"minecraft:skeleton":2,"minecraft:zombie":1},"minecraft:used":{"minecraft:stone_sword":1,"minecraft:iron_shovel":33,"biomesoplenty:glowing_moss_block":5,"minecraft:chest":2,"biomesoplenty:glowshroom":2,"minecraft:iron_sword":3,"minecraft:wooden_shovel":27,"minecraft:torch":57,"biomesoplenty:maple_sapling":30,"minecraft:wooden_axe":55,"minecraft:iron_axe":12,"evilcraft:flesh_humanoid":2,"blue_skies:scalefruit_seeds":3,"tombstone:gift":3,"minecraft:cobbled_deepslate":24,"minecraft:wheat_seeds":281,"minecraft:stone_pickaxe":117,"minecraft:oak_planks":41,"minecraft:wooden_pickaxe":42,"minecraft:crafting_table":4,"minecraft:spider_eye":1,"minecraft:stone_brick_wall":1,"minecraft:pumpkin_seeds":10,"minecraft:oak_log":1,"minecraft:apple":1,"minecraft:iron_pickaxe":262,"minecraft:bread":5,"minecraft:spruce_sapling":1,"biomesoplenty:glowing_moss_carpet":7,"minecraft:lilac":1,"minecraft:stone_axe":123,"minecraft:torchflower_seeds":2,"minecraft:wooden_sword":52,"minecraft:cobblestone":14,"travelersbackpack:standard":32,"minecraft:bone_meal":4},"minecraft:picked_up":{"minecraft:crafting_table":2,"minecraft:wheat":95,"minecraft:chicken":2,"minecraft:stone_brick_wall":1,"tombstone:grave_key":4,"vampirism:holy_water_bottle_normal":1,"minecraft:string":2,"minecraft:cobbled_deepslate":63,"minecraft:gold_nugget":39,"minecraft:bucket":1,"minecraft:beef":21,"minecraft:poppy":2,"evilcraft:blood_extractor":2,"minecraft:stick":27,"minecraft:raw_iron":55,"minecraft:torch":31,"minecraft:porkchop":13,"vampirism:vampire_fang":1,"minecraft:redstone":81,"minecraft:arrow":2,"minecraft:rotten_flesh":1,"biomesoplenty:rose_quartz_chunk":1,"blue_skies:scalefruit_seeds":3,"iammusicplayer:parabolic_antenna":1,"minecraft:cobblestone":34,"vampirism:vampire_blood_bottle":2,"minecraft:lilac":1,"minecraft:glow_ink_sac":2,"minecraft:andesite":1,"minecraft:leather":8,"biomesoplenty:glowshroom":2,"minecraft:potato":68,"minecraft:flint":1,"minecraft:tuff":7,"minecraft:oak_log":115,"evilcraft:flesh_humanoid":3,"biomesoplenty:glowing_moss_carpet":16,"minecraft:apple":5,"minecraft:wheat_seeds":296,"minecraft:raw_gold":46,"minecraft:glass_bottle":5,"minecraft:glowstone_dust":201,"minecraft:oak_planks":17,"minecraft:book":247,"minecraft:sweet_berries":2,"minecraft:quartz":26,"minecraft:dandelion":1,"minecraft:torchflower_seeds":2,"minecraft:gravel":6,"minecraft:sand":53,"minecraft:spruce_sapling":1,"minecraft:spruce_log":10,"biomesoplenty:glowing_moss_block":12,"minecraft:spider_eye":1,"travelersbackpack:standard":4,"biomesoplenty:maple_sapling":30,"minecraft:pumpkin_seeds":10,"minecraft:diamond":2,"evilcraft:dark_gem":9,"minecraft:bone_meal":6,"minecraft:bread":45,"minecraft:netherrack":3,"minecraft:coal":31},"minecraft:custom":{"minecraft:mob_kills":11,"minecraft:animals_bred":42,"minecraft:interact_with_crafting_table":46,"minecraft:open_barrel":1,"vampirism:action_time_bat":10947,"minecraft:leave_game":11,"minecraft:time_since_death":6592,"minecraft:damage_resisted":27,"vampirism:amount_bitten":460,"minecraft:sprint_one_cm":377620,"minecraft:walk_one_cm":901651,"vampirism:interact_with_coffin":24,"minecraft:drop":119,"vampirism:skills_unlocked":62,"minecraft:talked_to_villager":2,"minecraft:play_time":391698,"vampirism:interact_with_altar_inspiration":4,"minecraft:deaths":21,"minecraft:sneak_time":2112,"minecraft:walk_under_water_one_cm":74417,"minecraft:jump":1659,"minecraft:walk_on_water_one_cm":55000,"minecraft:total_world_time":391698,"vampirism:blood_drunk":43300,"vampirism:interact_with_injection_chair":1,"vampirism:altar_of_inspiration_rituals_performed":27,"minecraft:interact_with_furnace":112,"vampirism:interact_with_research_table":2,"vampirism:action_used_bat":21,"minecraft:sleep_in_bed":15,"vampirism:actions_used":21,"minecraft:time_since_rest":5298,"minecraft:damage_taken":201116,"minecraft:damage_dealt":1937,"minecraft:player_kills":1,"minecraft:swim_one_cm":884,"minecraft:fly_one_cm":116777,"minecraft:open_chest":69,"minecraft:crouch_one_cm":573,"tombstone:undead_killed":2,"minecraft:fall_one_cm":39212,"minecraft:horse_one_cm":12},"minecraft:dropped":{"minecraft:bread":13,"minecraft:iron_sword":2,"minecraft:iron_helmet":1,"minecraft:book":183,"travelersbackpack:standard":3,"tombstone:grave_key":4,"minecraft:iron_leggings":1,"minecraft:iron_axe":1,"minecraft:iron_pickaxe":1,"minecraft:iron_shovel":1,"minecraft:string":2,"minecraft:cobbled_deepslate":1,"vampirism:holy_water_bottle_normal":2,"minecraft:wheat":3,"tombstone:gift":1,"minecraft:iron_boots":1,"vampirism:blood_bottle":2,"biomesoplenty:glowing_moss_block":4,"evilcraft:flesh_humanoid":2,"biomesoplenty:glowing_moss_carpet":9,"minecraft:iron_chestplate":1,"vampirism:blood_bucket":1,"minecraft:beef":4},"minecraft:broken":{"minecraft:wooden_pickaxe":1,"minecraft:stone_axe":1,"minecraft:iron_pickaxe":1,"minecraft:wooden_axe":1},"minecraft:mined":{"biomesoplenty:glowing_moss_block":10,"minecraft:nether_gold_ore":10,"minecraft:tuff":7,"biomesoplenty:glowshroom":3,"minecraft:deepslate_diamond_ore":2,"minecraft:glow_lichen":2,"minecraft:grass_block":1,"blue_skies:scalefruits":1,"minecraft:glowstone":108,"minecraft:iron_ore":10,"minecraft:andesite":1,"biomesoplenty:glowshroom_block":1,"minecraft:potatoes":3,"minecraft:deepslate_iron_ore":41,"minecraft:stone":34,"minecraft:deepslate_redstone_ore":18,"biomesoplenty:glowing_moss_carpet":1,"minecraft:dandelion":1,"travelersbackpack:standard":3,"minecraft:torch":19,"minecraft:crafting_table":2,"biomesoplenty:small_rose_quartz_bud":1,"minecraft:poppy":2,"minecraft:nether_quartz_ore":26,"minecraft:cobblestone":1,"minecraft:deepslate_gold_ore":46,"minecraft:oak_planks":17,"minecraft:wall_torch":13,"minecraft:seagrass":1,"evilcraft:dark_ore_deepslate":2,"minecraft:wheat":115,"minecraft:spruce_log":17,"biomesoplenty:large_rose_quartz_bud":1,"biomesoplenty:maple_leaves":1,"minecraft:pumpkin_stem":6,"minecraft:oak_log":134,"minecraft:coal_ore":29,"minecraft:gravel":10,"minecraft:sand":58,"minecraft:dirt":1,"minecraft:netherrack":4,"minecraft:deepslate":66,"minecraft:fern":1},"minecraft:killed":{"minecraft:spider":2,"minecraft:skeleton":1,"minecraft:zombie":1,"minecraft:cow":3},"minecraft:crafted":{"minecraft:wooden_sword":1,"minecraft:oak_planks":144,"minecraft:stone_shovel":1,"minecraft:glass":58,"travelersbackpack:white_sleeping_bag":2,"minecraft:iron_boots":2,"minecraft:iron_axe":2,"minecraft:stone_pickaxe":1,"minecraft:chest":6,"minecraft:cooked_beef":8,"minecraft:red_dye":2,"minecraft:glass_bottle":27,"minecraft:wooden_shovel":1,"minecraft:cooked_porkchop":10,"minecraft:crafting_table":3,"minecraft:spruce_planks":24,"travelersbackpack:backpack_tank":5,"minecraft:wooden_pickaxe":1,"minecraft:iron_helmet":2,"travelersbackpack:standard":4,"minecraft:iron_sword":2,"minecraft:bucket":1,"minecraft:stone_axe":1,"minecraft:iron_chestplate":2,"minecraft:charcoal":50,"minecraft:yellow_dye":1,"minecraft:stick":20,"minecraft:iron_ingot":120,"minecraft:iron_pickaxe":2,"minecraft:wooden_axe":1,"minecraft:stone_sword":1,"minecraft:iron_shovel":2,"minecraft:iron_leggings":2,"minecraft:gold_ingot":46,"minecraft:torch":36}},"DataVersion":3465}