{"stats":{"minecraft:mined":{"biomesoplenty:glowing_moss_block":10,"biomesoplenty:glowshroom":3,"minecraft:crafting_table":2,"minecraft:glow_lichen":2,"minecraft:torch":10,"minecraft:grass_block":1,"minecraft:poppy":2,"minecraft:cobblestone":1,"minecraft:oak_planks":7,"minecraft:wall_torch":5,"evilcraft:dark_ore_deepslate":1,"minecraft:iron_ore":4,"minecraft:spruce_log":7,"minecraft:andesite":1,"biomesoplenty:maple_leaves":1,"biomesoplenty:glowshroom_block":1,"minecraft:oak_log":48,"minecraft:coal_ore":7,"minecraft:deepslate_iron_ore":4,"minecraft:gravel":10,"minecraft:dirt":1,"minecraft:stone":21,"minecraft:deepslate":15},"minecraft:dropped":{"minecraft:bread":13,"minecraft:cobbled_deepslate":1,"vampirism:holy_water_bottle_normal":2,"biomesoplenty:glowing_moss_block":4,"evilcraft:flesh_humanoid":1,"biomesoplenty:glowing_moss_carpet":9,"tombstone:grave_key":1},"minecraft:killed":{"minecraft:skeleton":1,"minecraft:zombie":1},"minecraft:custom":{"minecraft:interact_with_furnace":18,"minecraft:mob_kills":2,"minecraft:interact_with_crafting_table":8,"vampirism:interact_with_research_table":2,"minecraft:leave_game":4,"minecraft:time_since_death":1332,"minecraft:sleep_in_bed":1,"minecraft:time_since_rest":990,"vampirism:amount_bitten":5,"minecraft:sprint_one_cm":78309,"minecraft:damage_taken":100651,"minecraft:walk_one_cm":205403,"vampirism:interact_with_coffin":1,"minecraft:drop":24,"vampirism:skills_unlocked":3,"minecraft:damage_dealt":864,"minecraft:fly_one_cm":7825,"minecraft:open_chest":7,"minecraft:play_time":79838,"minecraft:crouch_one_cm":419,"tombstone:undead_killed":2,"minecraft:deaths":7,"minecraft:sneak_time":263,"minecraft:walk_under_water_one_cm":51200,"minecraft:jump":391,"minecraft:walk_on_water_one_cm":33298,"minecraft:total_world_time":79838,"vampirism:blood_drunk":100,"vampirism:interact_with_injection_chair":1,"minecraft:fall_one_cm":14243},"minecraft:broken":{"minecraft:wooden_axe":1,"minecraft:wooden_pickaxe":1},"minecraft:used":{"minecraft:stone_sword":1,"minecraft:stone_pickaxe":58,"biomesoplenty:glowing_moss_block":5,"minecraft:oak_planks":7,"minecraft:wooden_pickaxe":42,"biomesoplenty:glowshroom":2,"minecraft:torch":40,"minecraft:crafting_table":4,"minecraft:stone_brick_wall":1,"biomesoplenty:maple_sapling":12,"minecraft:wooden_axe":55,"minecraft:apple":1,"minecraft:bread":5,"minecraft:stone_axe":6,"minecraft:wooden_sword":52,"minecraft:cobblestone":2,"tombstone:gift":1},"minecraft:picked_up":{"minecraft:wheat":2,"minecraft:crafting_table":2,"minecraft:chicken":2,"minecraft:andesite":1,"minecraft:leather":2,"biomesoplenty:glowshroom":2,"minecraft:potato":56,"minecraft:stone_brick_wall":1,"minecraft:flint":1,"minecraft:oak_log":38,"tombstone:grave_key":1,"vampirism:holy_water_bottle_normal":1,"biomesoplenty:glowing_moss_carpet":15,"minecraft:apple":3,"minecraft:cobbled_deepslate":13,"minecraft:beef":11,"minecraft:poppy":2,"minecraft:oak_planks":7,"minecraft:stick":10,"minecraft:raw_iron":10,"minecraft:sweet_berries":2,"minecraft:torch":15,"minecraft:gravel":6,"minecraft:porkchop":10,"vampirism:vampire_fang":1,"minecraft:spruce_log":6,"biomesoplenty:glowing_moss_block":12,"biomesoplenty:maple_sapling":12,"minecraft:arrow":2,"evilcraft:dark_gem":5,"minecraft:bread":45,"minecraft:coal":7,"minecraft:cobblestone":22},"minecraft:killed_by":{"minecraft:skeleton":2,"minecraft:spider":1,"minecraft:zombie":1},"minecraft:crafted":{"minecraft:red_dye":2,"minecraft:wooden_sword":1,"minecraft:oak_planks":144,"minecraft:wooden_shovel":1,"minecraft:stone_shovel":1,"minecraft:crafting_table":3,"minecraft:spruce_planks":24,"minecraft:wooden_pickaxe":1,"minecraft:stone_axe":1,"minecraft:charcoal":2,"minecraft:stick":16,"minecraft:stone_pickaxe":1,"minecraft:wooden_axe":1,"minecraft:stone_sword":1,"minecraft:torch":36}},"DataVersion":3465}