{"stats":{"minecraft:mined":{"biomesoplenty:glowing_moss_block":2,"biomesoplenty:glowshroom":1,"minecraft:iron_ore":1,"minecraft:spruce_log":7,"biomesoplenty:maple_leaves":1,"minecraft:torch":1,"minecraft:glow_lichen":2,"biomesoplenty:glowshroom_block":1,"minecraft:coal_ore":6,"minecraft:oak_log":48,"minecraft:poppy":2,"minecraft:cobblestone":1,"minecraft:stone":19,"minecraft:deepslate":1},"minecraft:dropped":{"minecraft:bread":13,"minecraft:cobbled_deepslate":1,"tombstone:grave_key":1,"biomesoplenty:glowing_moss_block":4,"biomesoplenty:glowing_moss_carpet":3},"minecraft:killed":{"minecraft:skeleton":1,"minecraft:zombie":1},"minecraft:custom":{"minecraft:time_since_rest":1,"minecraft:interact_with_furnace":7,"minecraft:sprint_one_cm":51141,"minecraft:damage_taken":1235,"minecraft:walk_one_cm":92788,"minecraft:mob_kills":2,"minecraft:drop":20,"minecraft:damage_dealt":864,"minecraft:interact_with_crafting_table":4,"minecraft:fly_one_cm":4773,"minecraft:open_chest":1,"minecraft:play_time":44507,"tombstone:undead_killed":2,"minecraft:deaths":5,"minecraft:sneak_time":22,"minecraft:walk_under_water_one_cm":36097,"minecraft:jump":129,"minecraft:leave_game":3,"minecraft:time_since_death":2300,"minecraft:walk_on_water_one_cm":14844,"minecraft:sleep_in_bed":1,"minecraft:total_world_time":44507,"minecraft:fall_one_cm":4919},"minecraft:broken":{"minecraft:wooden_axe":1,"minecraft:wooden_pickaxe":1},"minecraft:used":{"minecraft:apple":1,"minecraft:stone_pickaxe":11,"minecraft:wooden_pickaxe":42,"minecraft:torch":3,"minecraft:wooden_sword":50,"minecraft:cobblestone":2,"minecraft:crafting_table":2,"tombstone:gift":1,"minecraft:stone_brick_wall":1,"biomesoplenty:maple_sapling":12,"minecraft:wooden_axe":55},"minecraft:picked_up":{"minecraft:stick":10,"minecraft:raw_iron":1,"minecraft:wheat":2,"minecraft:sweet_berries":2,"minecraft:torch":1,"biomesoplenty:glowshroom":1,"minecraft:potato":56,"minecraft:stone_brick_wall":1,"minecraft:oak_log":38,"tombstone:grave_key":1,"minecraft:spruce_log":6,"biomesoplenty:glowing_moss_block":4,"biomesoplenty:glowing_moss_carpet":3,"biomesoplenty:maple_sapling":12,"minecraft:arrow":2,"minecraft:apple":3,"minecraft:cobbled_deepslate":1,"minecraft:bread":45,"minecraft:poppy":2,"minecraft:coal":6,"minecraft:cobblestone":20},"minecraft:killed_by":{"minecraft:skeleton":2,"minecraft:spider":1,"minecraft:zombie":1},"minecraft:crafted":{"minecraft:red_dye":2,"minecraft:wooden_sword":1,"minecraft:oak_planks":144,"minecraft:wooden_shovel":1,"minecraft:stone_shovel":1,"minecraft:charcoal":2,"minecraft:crafting_table":2,"minecraft:spruce_planks":24,"minecraft:stick":16,"minecraft:wooden_pickaxe":1,"minecraft:stone_pickaxe":1,"minecraft:wooden_axe":1,"minecraft:stone_sword":1,"minecraft:torch":8,"minecraft:stone_axe":1}},"DataVersion":3465}