{"stats":{"minecraft:crafted":{"minecraft:red_dye":2,"minecraft:wooden_sword":1,"minecraft:oak_planks":144,"minecraft:wooden_shovel":1,"minecraft:stone_shovel":1,"minecraft:crafting_table":3,"minecraft:spruce_planks":24,"travelersbackpack:backpack_tank":1,"minecraft:wooden_pickaxe":1,"minecraft:iron_helmet":2,"minecraft:iron_sword":2,"minecraft:stone_axe":1,"minecraft:glass":6,"minecraft:iron_boots":2,"minecraft:iron_chestplate":2,"minecraft:charcoal":50,"minecraft:yellow_dye":1,"minecraft:gold_ingot":6,"minecraft:iron_axe":2,"minecraft:stick":20,"minecraft:iron_ingot":88,"minecraft:iron_pickaxe":2,"minecraft:stone_pickaxe":1,"minecraft:wooden_axe":1,"minecraft:stone_sword":1,"minecraft:iron_shovel":2,"minecraft:iron_leggings":2,"minecraft:torch":36},"minecraft:mined":{"biomesoplenty:glowing_moss_block":10,"minecraft:tuff":3,"biomesoplenty:glowshroom":3,"biomesoplenty:glowing_moss_carpet":1,"minecraft:dandelion":1,"minecraft:crafting_table":2,"minecraft:torch":19,"minecraft:glow_lichen":2,"minecraft:grass_block":1,"minecraft:poppy":2,"minecraft:cobblestone":1,"minecraft:deepslate_gold_ore":6,"minecraft:oak_planks":7,"minecraft:wall_torch":13,"minecraft:wheat":29,"evilcraft:dark_ore_deepslate":1,"minecraft:iron_ore":4,"minecraft:spruce_log":17,"minecraft:pumpkin_stem":5,"minecraft:andesite":1,"biomesoplenty:maple_leaves":1,"minecraft:potatoes":3,"biomesoplenty:glowshroom_block":1,"minecraft:coal_ore":7,"minecraft:oak_log":111,"minecraft:deepslate_iron_ore":5,"minecraft:gravel":10,"minecraft:dirt":1,"minecraft:stone":21,"minecraft:deepslate":22},"minecraft:dropped":{"minecraft:bread":13,"minecraft:iron_sword":1,"minecraft:cobbled_deepslate":1,"vampirism:holy_water_bottle_normal":2,"minecraft:wheat":3,"minecraft:iron_helmet":1,"minecraft:book":183,"minecraft:iron_boots":1,"vampirism:blood_bottle":2,"biomesoplenty:glowing_moss_block":4,"evilcraft:flesh_humanoid":2,"biomesoplenty:glowing_moss_carpet":9,"tombstone:grave_key":1,"minecraft:iron_chestplate":1,"minecraft:iron_leggings":1,"minecraft:iron_axe":1,"minecraft:iron_pickaxe":1,"minecraft:iron_shovel":1},"minecraft:used":{"minecraft:wheat_seeds":64,"minecraft:stone_sword":1,"minecraft:stone_pickaxe":60,"biomesoplenty:glowing_moss_block":5,"minecraft:oak_planks":17,"minecraft:wooden_pickaxe":42,"biomesoplenty:glowshroom":2,"minecraft:torch":57,"minecraft:crafting_table":4,"minecraft:stone_brick_wall":1,"minecraft:pumpkin_seeds":10,"biomesoplenty:maple_sapling":28,"minecraft:wooden_axe":55,"minecraft:apple":1,"minecraft:iron_pickaxe":17,"minecraft:bread":5,"biomesoplenty:glowing_moss_carpet":7,"minecraft:spruce_sapling":1,"evilcraft:flesh_humanoid":2,"minecraft:stone_axe":83,"minecraft:wooden_sword":52,"minecraft:cobblestone":2,"tombstone:gift":1},"minecraft:killed":{"minecraft:skeleton":1,"minecraft:zombie":1},"minecraft:broken":{"minecraft:wooden_axe":1,"minecraft:wooden_pickaxe":1},"minecraft:picked_up":{"minecraft:crafting_table":2,"minecraft:wheat":20,"vampirism:vampire_blood_bottle":2,"minecraft:chicken":2,"minecraft:andesite":1,"minecraft:leather":2,"biomesoplenty:glowshroom":2,"minecraft:potato":68,"minecraft:stone_brick_wall":1,"minecraft:flint":1,"minecraft:tuff":3,"minecraft:oak_log":92,"evilcraft:flesh_humanoid":3,"tombstone:grave_key":1,"vampirism:holy_water_bottle_normal":1,"biomesoplenty:glowing_moss_carpet":16,"minecraft:apple":5,"minecraft:wheat_seeds":64,"minecraft:cobbled_deepslate":20,"minecraft:raw_gold":6,"minecraft:beef":17,"minecraft:poppy":2,"minecraft:glass_bottle":5,"minecraft:oak_planks":7,"minecraft:book":247,"minecraft:stick":23,"minecraft:raw_iron":13,"minecraft:sweet_berries":2,"minecraft:torch":31,"minecraft:dandelion":1,"minecraft:gravel":6,"minecraft:porkchop":13,"minecraft:spruce_sapling":1,"vampirism:vampire_fang":1,"minecraft:spruce_log":10,"minecraft:pumpkin_seeds":10,"biomesoplenty:glowing_moss_block":12,"biomesoplenty:maple_sapling":28,"minecraft:arrow":2,"iammusicplayer:parabolic_antenna":1,"evilcraft:dark_gem":5,"minecraft:bread":45,"minecraft:coal":10,"minecraft:cobblestone":22},"minecraft:custom":{"vampirism:altar_of_inspiration_rituals_performed":23,"minecraft:interact_with_furnace":64,"minecraft:mob_kills":4,"minecraft:animals_bred":8,"minecraft:interact_with_crafting_table":22,"vampirism:interact_with_research_table":2,"minecraft:open_barrel":1,"minecraft:leave_game":6,"minecraft:time_since_death":91622,"minecraft:sleep_in_bed":5,"minecraft:time_since_rest":0,"vampirism:amount_bitten":207,"minecraft:sprint_one_cm":180265,"minecraft:damage_taken":101505,"minecraft:walk_one_cm":457721,"vampirism:interact_with_coffin":9,"minecraft:drop":105,"minecraft:damage_dealt":874,"vampirism:skills_unlocked":3,"vampirism:interact_with_altar_inspiration":1,"minecraft:talked_to_villager":2,"minecraft:fly_one_cm":17386,"minecraft:open_chest":34,"minecraft:play_time":170128,"minecraft:crouch_one_cm":427,"tombstone:undead_killed":2,"minecraft:deaths":7,"minecraft:sneak_time":318,"minecraft:walk_under_water_one_cm":59079,"minecraft:jump":829,"minecraft:walk_on_water_one_cm":47093,"minecraft:total_world_time":170128,"vampirism:blood_drunk":9000,"vampirism:interact_with_injection_chair":1,"minecraft:fall_one_cm":20516,"minecraft:horse_one_cm":12},"minecraft:killed_by":{"minecraft:skeleton":2,"minecraft:spider":1,"minecraft:zombie":1}},"DataVersion":3465}