{"stats":{"minecraft:crafted":{"minecraft:wooden_sword":1,"minecraft:oak_planks":144,"minecraft:stone_shovel":1,"minecraft:stone":1,"minecraft:glass_pane":32,"webdisplays:craftcomp_backlight":5,"minecraft:glass":130,"travelersbackpack:white_sleeping_bag":2,"minecraft:iron_boots":2,"minecraft:iron_axe":2,"minecraft:stone_pickaxe":1,"minecraft:chest":6,"minecraft:cooked_beef":8,"minecraft:red_dye":2,"minecraft:glass_bottle":27,"minecraft:wooden_shovel":1,"minecraft:cooked_porkchop":10,"minecraft:crafting_table":3,"minecraft:spruce_planks":24,"travelersbackpack:backpack_tank":5,"minecraft:wooden_pickaxe":1,"minecraft:iron_helmet":2,"travelersbackpack:standard":4,"minecraft:iron_sword":2,"minecraft:bucket":1,"minecraft:stone_axe":1,"minecraft:iron_chestplate":2,"minecraft:charcoal":74,"minecraft:yellow_dye":1,"minecraft:stick":20,"minecraft:iron_ingot":120,"minecraft:iron_pickaxe":2,"minecraft:wooden_axe":1,"minecraft:stone_sword":1,"minecraft:iron_leggings":2,"minecraft:iron_shovel":2,"minecraft:gold_ingot":50,"minecraft:torch":36},"minecraft:mined":{"biomesoplenty:glowing_moss_block":10,"minecraft:nether_gold_ore":10,"minecraft:tuff":7,"biomesoplenty:glowshroom":3,"minecraft:deepslate_diamond_ore":2,"minecraft:glow_lichen":2,"minecraft:grass_block":1,"blue_skies:scalefruits":1,"minecraft:glowstone":108,"minecraft:iron_ore":10,"minecraft:andesite":1,"biomesoplenty:glowshroom_block":1,"minecraft:potatoes":3,"minecraft:deepslate_iron_ore":41,"minecraft:stone":34,"minecraft:deepslate_redstone_ore":18,"biomesoplenty:glowing_moss_carpet":1,"minecraft:dandelion":1,"travelersbackpack:standard":3,"minecraft:torch":19,"minecraft:crafting_table":2,"biomesoplenty:small_rose_quartz_bud":1,"minecraft:poppy":2,"minecraft:nether_quartz_ore":26,"minecraft:cobblestone":1,"minecraft:deepslate_gold_ore":46,"minecraft:oak_planks":17,"minecraft:wall_torch":13,"minecraft:seagrass":1,"evilcraft:dark_ore_deepslate":2,"minecraft:wheat":126,"minecraft:spruce_log":17,"biomesoplenty:large_rose_quartz_bud":1,"biomesoplenty:maple_leaves":1,"minecraft:pumpkin_stem":6,"minecraft:oak_log":158,"minecraft:coal_ore":29,"evilcraft:blood_stain":1,"minecraft:gravel":11,"minecraft:sand":127,"minecraft:dirt":1,"minecraft:netherrack":4,"minecraft:deepslate":66,"minecraft:fern":1},"minecraft:used":{"minecraft:stone_sword":1,"minecraft:iron_shovel":103,"biomesoplenty:glowing_moss_block":5,"minecraft:chest":2,"biomesoplenty:glowshroom":2,"minecraft:iron_sword":3,"minecraft:wooden_shovel":27,"minecraft:torch":57,"iammusicplayer:boombox":1,"biomesoplenty:maple_sapling":36,"minecraft:wooden_axe":55,"minecraft:iron_axe":39,"evilcraft:flesh_humanoid":2,"blue_skies:scalefruit_seeds":3,"tombstone:gift":3,"minecraft:cobbled_deepslate":24,"webdisplays:linker":6,"minecraft:wheat_seeds":281,"webdisplays:keyboard":4,"minecraft:oak_planks":42,"minecraft:stone_pickaxe":117,"minecraft:wooden_pickaxe":42,"iammusicplayer:music_manager":1,"minecraft:crafting_table":4,"minecraft:spider_eye":1,"minecraft:stone_brick_wall":1,"minecraft:pumpkin_seeds":10,"minecraft:oak_log":1,"minecraft:apple":1,"minecraft:iron_pickaxe":262,"minecraft:bread":5,"minecraft:spruce_sapling":1,"biomesoplenty:glowing_moss_carpet":7,"minecraft:lilac":1,"minecraft:stone_axe":123,"minecraft:torchflower_seeds":2,"minecraft:wooden_sword":52,"minecraft:cobblestone":14,"travelersbackpack:standard":33,"minecraft:bone_meal":4,"webdisplays:screen":31},"minecraft:dropped":{"minecraft:bread":13,"minecraft:iron_sword":2,"minecraft:iron_helmet":1,"minecraft:book":183,"travelersbackpack:standard":4,"evilcraft:vengeance_ring":1,"tombstone:grave_key":4,"minecraft:iron_leggings":1,"aquaculture:box_turtle":1,"minecraft:iron_axe":1,"minecraft:iron_pickaxe":1,"minecraft:iron_shovel":1,"minecraft:string":2,"minecraft:cobbled_deepslate":1,"vampirism:holy_water_bottle_normal":2,"minecraft:wheat":3,"tombstone:gift":1,"minecraft:iron_boots":1,"vampirism:blood_bottle":2,"biomesoplenty:glowing_moss_block":4,"evilcraft:flesh_humanoid":4,"biomesoplenty:glowing_moss_carpet":9,"minecraft:iron_chestplate":1,"vampirism:blood_bucket":1,"minecraft:beef":4,"minecraft:glass":11},"minecraft:killed":{"minecraft:spider":2,"minecraft:skeleton":1,"minecraft:zombie":1,"minecraft:cow":3},"minecraft:broken":{"minecraft:wooden_pickaxe":1,"minecraft:stone_axe":1,"minecraft:iron_pickaxe":1,"minecraft:wooden_axe":1},"minecraft:picked_up":{"minecraft:crafting_table":2,"minecraft:wheat":107,"minecraft:chicken":2,"minecraft:stone_brick_wall":1,"tombstone:grave_key":4,"vampirism:holy_water_bottle_normal":1,"minecraft:string":2,"minecraft:cobbled_deepslate":63,"minecraft:gold_nugget":39,"minecraft:bucket":1,"minecraft:beef":23,"minecraft:poppy":2,"evilcraft:blood_extractor":2,"minecraft:stick":32,"minecraft:raw_iron":55,"minecraft:torch":31,"minecraft:porkchop":13,"vampirism:vampire_fang":1,"minecraft:redstone":81,"minecraft:arrow":2,"minecraft:rotten_flesh":1,"biomesoplenty:rose_quartz_chunk":1,"blue_skies:scalefruit_seeds":3,"iammusicplayer:parabolic_antenna":1,"minecraft:cobblestone":34,"vampirism:vampire_blood_bottle":2,"minecraft:lilac":1,"minecraft:glow_ink_sac":2,"minecraft:andesite":1,"minecraft:leather":8,"biomesoplenty:glowshroom":2,"minecraft:potato":68,"securitycraft:sc_manual":1,"minecraft:flint":1,"minecraft:tuff":7,"minecraft:oak_log":139,"evilcraft:flesh_humanoid":3,"biomesoplenty:glowing_moss_carpet":16,"minecraft:glass":11,"minecraft:apple":6,"minecraft:wheat_seeds":326,"minecraft:raw_gold":46,"aquaculture:box_turtle":1,"minecraft:glass_bottle":5,"minecraft:glowstone_dust":201,"minecraft:oak_planks":17,"minecraft:book":247,"minecraft:sweet_berries":2,"minecraft:quartz":26,"minecraft:dandelion":1,"minecraft:torchflower_seeds":2,"minecraft:gravel":7,"minecraft:sand":114,"evilcraft:vengeance_ring":1,"minecraft:spruce_sapling":1,"minecraft:spruce_log":10,"biomesoplenty:glowing_moss_block":12,"minecraft:spider_eye":1,"travelersbackpack:standard":4,"biomesoplenty:maple_sapling":36,"minecraft:pumpkin_seeds":10,"minecraft:diamond":2,"evilcraft:dark_gem":9,"minecraft:bone_meal":6,"minecraft:bread":45,"minecraft:netherrack":3,"minecraft:coal":31},"minecraft:custom":{"minecraft:mob_kills":11,"minecraft:animals_bred":47,"vampirism:interact_with_altar_of_infusion":1,"minecraft:interact_with_crafting_table":50,"minecraft:open_barrel":1,"vampirism:action_time_bat":12658,"minecraft:leave_game":14,"minecraft:time_since_death":91748,"minecraft:climb_one_cm":412,"minecraft:damage_resisted":112,"vampirism:amount_bitten":499,"minecraft:sprint_one_cm":433647,"minecraft:walk_one_cm":1105338,"vampirism:interact_with_coffin":24,"minecraft:drop":124,"vampirism:skills_unlocked":63,"minecraft:talked_to_villager":2,"minecraft:play_time":476854,"vampirism:interact_with_altar_inspiration":4,"minecraft:deaths":21,"minecraft:sneak_time":2536,"minecraft:walk_under_water_one_cm":81429,"minecraft:jump":1798,"minecraft:interact_with_brewingstand":1,"minecraft:walk_on_water_one_cm":55717,"minecraft:total_world_time":476854,"vampirism:blood_drunk":47100,"vampirism:interact_with_injection_chair":1,"vampirism:altar_of_inspiration_rituals_performed":27,"minecraft:interact_with_furnace":150,"vampirism:interact_with_research_table":2,"vampirism:action_used_bat":25,"minecraft:sleep_in_bed":15,"vampirism:actions_used":25,"vampirism:altar_of_infusion_rituals_performed":2,"minecraft:time_since_rest":90454,"minecraft:damage_taken":201313,"minecraft:damage_dealt":1947,"minecraft:player_kills":1,"minecraft:swim_one_cm":1813,"minecraft:fly_one_cm":131865,"minecraft:open_chest":79,"minecraft:crouch_one_cm":695,"tombstone:undead_killed":2,"minecraft:fall_one_cm":44275,"minecraft:horse_one_cm":12},"minecraft:killed_by":{"vampirism:hunter_trainer":1,"minecraft:spider":1,"minecraft:skeleton":2,"minecraft:zombie":1}},"DataVersion":3465}