{"stats":{"minecraft:mined":{"biomesoplenty:glowing_moss_block":10,"biomesoplenty:glowshroom":3,"minecraft:crafting_table":2,"minecraft:glow_lichen":2,"minecraft:torch":4,"minecraft:grass_block":1,"minecraft:poppy":2,"minecraft:cobblestone":1,"minecraft:oak_planks":7,"minecraft:wall_torch":4,"evilcraft:dark_ore_deepslate":1,"minecraft:iron_ore":1,"minecraft:spruce_log":7,"biomesoplenty:maple_leaves":1,"minecraft:oak_log":48,"biomesoplenty:glowshroom_block":1,"minecraft:coal_ore":7,"minecraft:deepslate_iron_ore":4,"minecraft:gravel":10,"minecraft:dirt":1,"minecraft:stone":21,"minecraft:deepslate":14},"minecraft:dropped":{"minecraft:bread":13,"minecraft:cobbled_deepslate":1,"biomesoplenty:glowing_moss_block":4,"evilcraft:flesh_humanoid":1,"biomesoplenty:glowing_moss_carpet":9,"tombstone:grave_key":1},"minecraft:killed":{"minecraft:skeleton":1,"minecraft:zombie":1},"minecraft:custom":{"minecraft:interact_with_furnace":16,"minecraft:mob_kills":2,"minecraft:interact_with_crafting_table":8,"minecraft:leave_game":3,"minecraft:time_since_death":26300,"minecraft:sleep_in_bed":1,"minecraft:time_since_rest":23901,"minecraft:sprint_one_cm":69731,"minecraft:damage_taken":1365,"minecraft:walk_one_cm":164017,"vampirism:interact_with_coffin":1,"minecraft:drop":22,"minecraft:damage_dealt":864,"minecraft:fly_one_cm":6129,"minecraft:open_chest":6,"minecraft:crouch_one_cm":412,"minecraft:play_time":68507,"tombstone:undead_killed":2,"minecraft:deaths":5,"minecraft:sneak_time":256,"minecraft:walk_under_water_one_cm":42046,"minecraft:jump":280,"minecraft:walk_on_water_one_cm":26151,"minecraft:total_world_time":68507,"minecraft:fall_one_cm":8306},"minecraft:broken":{"minecraft:wooden_axe":1,"minecraft:wooden_pickaxe":1},"minecraft:used":{"minecraft:stone_pickaxe":53,"biomesoplenty:glowing_moss_block":5,"minecraft:oak_planks":7,"biomesoplenty:glowshroom":2,"minecraft:wooden_pickaxe":42,"minecraft:torch":21,"minecraft:crafting_table":4,"minecraft:stone_brick_wall":1,"biomesoplenty:maple_sapling":12,"minecraft:wooden_axe":55,"minecraft:apple":1,"minecraft:bread":2,"minecraft:stone_axe":6,"minecraft:wooden_sword":52,"minecraft:cobblestone":2,"tombstone:gift":1},"minecraft:picked_up":{"minecraft:crafting_table":2,"minecraft:wheat":2,"minecraft:chicken":2,"minecraft:leather":2,"biomesoplenty:glowshroom":2,"minecraft:potato":56,"minecraft:stone_brick_wall":1,"minecraft:flint":1,"minecraft:oak_log":38,"tombstone:grave_key":1,"biomesoplenty:glowing_moss_carpet":15,"minecraft:apple":3,"minecraft:cobbled_deepslate":12,"minecraft:beef":11,"minecraft:poppy":2,"minecraft:oak_planks":7,"minecraft:raw_iron":5,"minecraft:stick":10,"minecraft:sweet_berries":2,"minecraft:torch":9,"minecraft:gravel":6,"minecraft:porkchop":10,"vampirism:vampire_fang":1,"minecraft:spruce_log":6,"biomesoplenty:glowing_moss_block":12,"biomesoplenty:maple_sapling":12,"minecraft:arrow":2,"evilcraft:dark_gem":5,"minecraft:bread":45,"minecraft:coal":7,"minecraft:cobblestone":22},"minecraft:killed_by":{"minecraft:skeleton":2,"minecraft:spider":1,"minecraft:zombie":1},"minecraft:crafted":{"minecraft:red_dye":2,"minecraft:wooden_sword":1,"minecraft:oak_planks":144,"minecraft:wooden_shovel":1,"minecraft:stone_shovel":1,"minecraft:crafting_table":3,"minecraft:spruce_planks":24,"minecraft:wooden_pickaxe":1,"minecraft:stone_axe":1,"minecraft:charcoal":2,"minecraft:stick":16,"minecraft:stone_pickaxe":1,"minecraft:wooden_axe":1,"minecraft:stone_sword":1,"minecraft:torch":36}},"DataVersion":3465}