{"stats":{"minecraft:mined":{"biomesoplenty:glowing_moss_block":10,"biomesoplenty:glowshroom":3,"minecraft:dandelion":1,"minecraft:crafting_table":2,"minecraft:glow_lichen":2,"minecraft:torch":17,"minecraft:grass_block":1,"minecraft:poppy":2,"minecraft:cobblestone":1,"minecraft:oak_planks":7,"minecraft:wall_torch":12,"evilcraft:dark_ore_deepslate":1,"minecraft:iron_ore":4,"minecraft:spruce_log":17,"minecraft:andesite":1,"biomesoplenty:maple_leaves":1,"biomesoplenty:glowshroom_block":1,"minecraft:oak_log":111,"minecraft:coal_ore":7,"minecraft:deepslate_iron_ore":5,"minecraft:gravel":10,"minecraft:dirt":1,"minecraft:stone":21,"minecraft:deepslate":16},"minecraft:dropped":{"minecraft:bread":13,"minecraft:cobbled_deepslate":1,"vampirism:holy_water_bottle_normal":2,"biomesoplenty:glowing_moss_block":4,"evilcraft:flesh_humanoid":1,"biomesoplenty:glowing_moss_carpet":9,"tombstone:grave_key":1},"minecraft:killed":{"minecraft:skeleton":1,"minecraft:zombie":1},"minecraft:custom":{"minecraft:interact_with_furnace":25,"minecraft:mob_kills":2,"minecraft:interact_with_crafting_table":11,"vampirism:interact_with_research_table":2,"minecraft:open_barrel":1,"minecraft:leave_game":5,"minecraft:time_since_death":24625,"minecraft:sleep_in_bed":1,"minecraft:time_since_rest":24283,"vampirism:amount_bitten":20,"minecraft:sprint_one_cm":117647,"minecraft:damage_taken":100819,"minecraft:walk_one_cm":292671,"vampirism:interact_with_coffin":1,"minecraft:drop":24,"vampirism:skills_unlocked":3,"minecraft:damage_dealt":864,"minecraft:fly_one_cm":11034,"minecraft:open_chest":12,"minecraft:play_time":103131,"minecraft:crouch_one_cm":419,"tombstone:undead_killed":2,"minecraft:deaths":7,"minecraft:sneak_time":297,"minecraft:walk_under_water_one_cm":58995,"minecraft:jump":605,"minecraft:walk_on_water_one_cm":38535,"minecraft:total_world_time":103131,"vampirism:blood_drunk":1300,"vampirism:interact_with_injection_chair":1,"minecraft:fall_one_cm":16604},"minecraft:broken":{"minecraft:wooden_axe":1,"minecraft:wooden_pickaxe":1},"minecraft:used":{"minecraft:stone_sword":1,"minecraft:stone_pickaxe":60,"biomesoplenty:glowing_moss_block":5,"minecraft:oak_planks":8,"minecraft:wooden_pickaxe":42,"biomesoplenty:glowshroom":2,"minecraft:torch":55,"minecraft:crafting_table":4,"minecraft:stone_brick_wall":1,"biomesoplenty:maple_sapling":28,"minecraft:wooden_axe":55,"minecraft:apple":1,"minecraft:bread":5,"minecraft:spruce_sapling":1,"minecraft:stone_axe":83,"minecraft:wooden_sword":52,"minecraft:cobblestone":2,"tombstone:gift":1},"minecraft:picked_up":{"minecraft:crafting_table":2,"minecraft:wheat":2,"minecraft:chicken":2,"minecraft:andesite":1,"minecraft:leather":2,"biomesoplenty:glowshroom":2,"minecraft:potato":56,"minecraft:stone_brick_wall":1,"minecraft:flint":1,"minecraft:oak_log":92,"tombstone:grave_key":1,"vampirism:holy_water_bottle_normal":1,"biomesoplenty:glowing_moss_carpet":15,"minecraft:apple":5,"minecraft:cobbled_deepslate":14,"minecraft:beef":11,"minecraft:poppy":2,"minecraft:oak_planks":7,"minecraft:stick":23,"minecraft:raw_iron":13,"minecraft:sweet_berries":2,"minecraft:torch":28,"minecraft:dandelion":1,"minecraft:gravel":6,"minecraft:porkchop":10,"minecraft:spruce_sapling":1,"vampirism:vampire_fang":1,"minecraft:spruce_log":10,"biomesoplenty:glowing_moss_block":12,"biomesoplenty:maple_sapling":28,"minecraft:arrow":2,"evilcraft:dark_gem":5,"minecraft:bread":45,"minecraft:coal":7,"minecraft:cobblestone":22},"minecraft:killed_by":{"minecraft:skeleton":2,"minecraft:spider":1,"minecraft:zombie":1},"minecraft:crafted":{"minecraft:red_dye":2,"minecraft:wooden_sword":1,"minecraft:oak_planks":144,"minecraft:wooden_shovel":1,"minecraft:stone_shovel":1,"minecraft:crafting_table":3,"minecraft:spruce_planks":24,"minecraft:iron_helmet":1,"minecraft:wooden_pickaxe":1,"minecraft:iron_sword":1,"minecraft:stone_axe":1,"minecraft:iron_boots":1,"minecraft:iron_chestplate":1,"minecraft:charcoal":2,"minecraft:stick":16,"minecraft:iron_ingot":62,"minecraft:iron_pickaxe":1,"minecraft:stone_pickaxe":1,"minecraft:wooden_axe":1,"minecraft:stone_sword":1,"minecraft:iron_shovel":1,"minecraft:iron_leggings":1,"minecraft:torch":36}},"DataVersion":3465}